//  SVF file written by ATMISP version 7.3
//  Created on: Sun Apr 12 08:54:13 2026
//  SVF Rev. D  
TRST ABSENT;
ENDIR IDLE;
ENDDR IDLE;
HDR 0;
HIR 0;
TDR 0;
TIR 0;
RUNTEST 50021E-6 SEC;
STATE RESET;
STATE IDLE;
RUNTEST 50021E-6 SEC;
SIR 10 TDI (280);
SDR 10 TDI (1b9);
STATE IDLE;
SIR 10 TDI (059);
SDR 32 TDI (ffffffff)
	TDO (0150403f)
	MASK (ffffffff);
STATE IDLE;
SIR 10 TDI (2b3);
SIR 10 TDI (29e);
STATE IDLE;
RUNTEST 210001E-6 SEC;
SIR 10 TDI (2bf);
STATE IDLE;
STATE RESET;
RUNTEST 50001E-6 SEC;
STATE IDLE;
SIR 10 TDI (280);
SDR 10 TDI (000);
STATE IDLE;
RUNTEST 10001E-6 SEC;
STATE RESET;
RUNTEST 50021E-6 SEC;
RUNTEST 50021E-6 SEC;
STATE RESET;
STATE IDLE;
RUNTEST 50021E-6 SEC;
SIR 10 TDI (280);
SDR 10 TDI (1b9);
STATE IDLE;
SIR 10 TDI (2a1);
SDR 11 TDI (00c);
SIR 10 TDI (290);
SDR 166 TDI (0007000e00000fb9cc0201f703ecfbbecfb0cefbbf);
SIR 10 TDI (29e);
STATE IDLE;
RUNTEST 30001E-6 SEC;
SIR 10 TDI (2bf);
SIR 10 TDI (2a1);
SDR 11 TDI (00d);
SIR 10 TDI (290);
SDR 166 TDI (0007000e00000fb9cc0201f703ecfbbecfb0cefbbf);
SIR 10 TDI (29e);
STATE IDLE;
RUNTEST 30001E-6 SEC;
SIR 10 TDI (2bf);
SIR 10 TDI (2a1);
SDR 11 TDI (00e);
SIR 10 TDI (290);
SDR 166 TDI (0007000e00000fb9cc0201f703ecfbbecfb0cefbbf);
SIR 10 TDI (29e);
STATE IDLE;
RUNTEST 30001E-6 SEC;
SIR 10 TDI (2bf);
SIR 10 TDI (2a1);
SDR 11 TDI (00f);
SIR 10 TDI (290);
SDR 166 TDI (0007000e00000fb9cc0201f703ecfbbecfb0cefbbf);
SIR 10 TDI (29e);
STATE IDLE;
RUNTEST 30001E-6 SEC;
SIR 10 TDI (2bf);
SIR 10 TDI (2a1);
SDR 11 TDI (010);
SIR 10 TDI (290);
SDR 166 TDI (0007000e00000fb9cc0201f703ecfbbecfb0cefbbf);
SIR 10 TDI (29e);
STATE IDLE;
RUNTEST 30001E-6 SEC;
SIR 10 TDI (2bf);
SIR 10 TDI (2a1);
SDR 11 TDI (011);
SIR 10 TDI (290);
SDR 166 TDI (0007000e00000fb9cc0201f703ecfbbecfb0cefbbf);
SIR 10 TDI (29e);
STATE IDLE;
RUNTEST 30001E-6 SEC;
SIR 10 TDI (2bf);
SIR 10 TDI (2a1);
SDR 11 TDI (012);
SIR 10 TDI (290);
SDR 166 TDI (0007000e00000fb9cc0201f703ecfbbecfb0cefbbf);
SIR 10 TDI (29e);
STATE IDLE;
RUNTEST 30001E-6 SEC;
SIR 10 TDI (2bf);
SIR 10 TDI (2a1);
SDR 11 TDI (013);
SIR 10 TDI (290);
SDR 166 TDI (0007000e00000fb9cc0201f703ecfbbecfb0cefbbf);
SIR 10 TDI (29e);
STATE IDLE;
RUNTEST 30001E-6 SEC;
SIR 10 TDI (2bf);
SIR 10 TDI (2a1);
SDR 11 TDI (014);
SIR 10 TDI (290);
SDR 166 TDI (0007000e00000fb9cc0201f703ecfbbecfb0cefbbf);
SIR 10 TDI (29e);
STATE IDLE;
RUNTEST 30001E-6 SEC;
SIR 10 TDI (2bf);
SIR 10 TDI (2a1);
SDR 11 TDI (015);
SIR 10 TDI (290);
SDR 166 TDI (0007000e00000fb9cc0201f703ecfbbecfb0cefbbf);
SIR 10 TDI (29e);
STATE IDLE;
RUNTEST 30001E-6 SEC;
SIR 10 TDI (2bf);
SIR 10 TDI (2a1);
SDR 11 TDI (016);
SIR 10 TDI (290);
SDR 166 TDI (0007000e00000fb9cc0201f703ecfbbecfb0cefbbf);
SIR 10 TDI (29e);
STATE IDLE;
RUNTEST 30001E-6 SEC;
SIR 10 TDI (2bf);
SIR 10 TDI (2a1);
SDR 11 TDI (017);
SIR 10 TDI (290);
SDR 166 TDI (0007000e00000fb9cc0201f703ecfbbecfb0cefbbf);
SIR 10 TDI (29e);
STATE IDLE;
RUNTEST 30001E-6 SEC;
SIR 10 TDI (2bf);
SIR 10 TDI (2a1);
SDR 11 TDI (018);
SIR 10 TDI (290);
SDR 166 TDI (0007000e00000fb9cc0201f703ecfbbecfb0cefbbf);
SIR 10 TDI (29e);
STATE IDLE;
RUNTEST 30001E-6 SEC;
SIR 10 TDI (2bf);
SIR 10 TDI (2a1);
SDR 11 TDI (019);
SIR 10 TDI (290);
SDR 166 TDI (0007000e00000fb9cc0201f703ecfbbecfb0cefbbf);
SIR 10 TDI (29e);
STATE IDLE;
RUNTEST 30001E-6 SEC;
SIR 10 TDI (2bf);
SIR 10 TDI (2a1);
SDR 11 TDI (01a);
SIR 10 TDI (290);
SDR 166 TDI (0007000e00000fb9cc0201f703ecfbbecfb0cefbbf);
SIR 10 TDI (29e);
STATE IDLE;
RUNTEST 30001E-6 SEC;
SIR 10 TDI (2bf);
SIR 10 TDI (2a1);
SDR 11 TDI (01b);
SIR 10 TDI (290);
SDR 166 TDI (0007000e00000fb9cc0201f703ecfbbecfb0cefbbf);
SIR 10 TDI (29e);
STATE IDLE;
RUNTEST 30001E-6 SEC;
SIR 10 TDI (2bf);
SIR 10 TDI (2a1);
SDR 11 TDI (01c);
SIR 10 TDI (290);
SDR 166 TDI (0007000e000007b9c80201f703ec739ccf30cecbbf);
SIR 10 TDI (29e);
STATE IDLE;
RUNTEST 30001E-6 SEC;
SIR 10 TDI (2bf);
SIR 10 TDI (2a1);
SDR 11 TDI (01d);
SIR 10 TDI (290);
SDR 166 TDI (0007000e00000f39c40000f703208bbec680ce3bbf);
SIR 10 TDI (29e);
STATE IDLE;
RUNTEST 30001E-6 SEC;
SIR 10 TDI (2bf);
SIR 10 TDI (2a1);
SDR 11 TDI (01e);
SIR 10 TDI (290);
SDR 166 TDI (0007000e000003b98c0201f701ecfb9ecdb0ce0bbf);
SIR 10 TDI (29e);
STATE IDLE;
RUNTEST 30001E-6 SEC;
SIR 10 TDI (2bf);
SIR 10 TDI (2a1);
SDR 11 TDI (01f);
SIR 10 TDI (290);
SDR 166 TDI (0007000e00000fb9cc0201f703ecfbbecfb0cefbbf);
SIR 10 TDI (29e);
STATE IDLE;
RUNTEST 30001E-6 SEC;
SIR 10 TDI (2bf);
SIR 10 TDI (2a1);
SDR 11 TDI (020);
SIR 10 TDI (290);
SDR 166 TDI (0007000e000007b9cc0201e7036cbbbec530ce7bbf);
SIR 10 TDI (29e);
STATE IDLE;
RUNTEST 30001E-6 SEC;
SIR 10 TDI (2bf);
SIR 10 TDI (2a1);
SDR 11 TDI (021);
SIR 10 TDI (290);
SDR 166 TDI (0007000e00000d39c000011703ccf3b00e80cedbbf);
SIR 10 TDI (29e);
STATE IDLE;
RUNTEST 30001E-6 SEC;
SIR 10 TDI (2bf);
SIR 10 TDI (2a1);
SDR 11 TDI (022);
SIR 10 TDI (290);
SDR 166 TDI (0007000e00000fb9cc0201f703ecfbbecfb0cefbbf);
SIR 10 TDI (29e);
STATE IDLE;
RUNTEST 30001E-6 SEC;
SIR 10 TDI (2bf);
SIR 10 TDI (2a1);
SDR 11 TDI (023);
SIR 10 TDI (290);
SDR 166 TDI (0007000e00000fb9cc0201f703ecfbbecfb0cefbbf);
SIR 10 TDI (29e);
STATE IDLE;
RUNTEST 30001E-6 SEC;
SIR 10 TDI (2bf);
SIR 10 TDI (2a1);
SDR 11 TDI (024);
SIR 10 TDI (290);
SDR 166 TDI (0007000e00000bb9cc0201f701ecfb9ecdb0cef3bf);
SIR 10 TDI (29e);
STATE IDLE;
RUNTEST 30001E-6 SEC;
SIR 10 TDI (2bf);
SIR 10 TDI (2a1);
SDR 11 TDI (025);
SIR 10 TDI (290);
SDR 166 TDI (0007000e000007b9cc0201f703ecfbbecfb0cefbbf);
SIR 10 TDI (29e);
STATE IDLE;
RUNTEST 30001E-6 SEC;
SIR 10 TDI (2bf);
SIR 10 TDI (2a1);
SDR 11 TDI (026);
SIR 10 TDI (290);
SDR 166 TDI (0007000e00000bb9cc0201f703ecfbbecfb0c6fbbf);
SIR 10 TDI (29e);
STATE IDLE;
RUNTEST 30001E-6 SEC;
SIR 10 TDI (2bf);
SIR 10 TDI (2a1);
SDR 11 TDI (027);
SIR 10 TDI (290);
SDR 166 TDI (0007000e000007b9cc0201f703ecfbbecfb08cfbbf);
SIR 10 TDI (29e);
STATE IDLE;
RUNTEST 30001E-6 SEC;
SIR 10 TDI (2bf);
SIR 10 TDI (2a1);
SDR 11 TDI (028);
SIR 10 TDI (290);
SDR 166 TDI (0007000e00000fb9cc0201f703e8fbbe8eb0cefbbf);
SIR 10 TDI (29e);
STATE IDLE;
RUNTEST 30001E-6 SEC;
SIR 10 TDI (2bf);
SIR 10 TDI (2a1);
SDR 11 TDI (029);
SIR 10 TDI (290);
SDR 166 TDI (00060006000001198c02000601ec019ecdb0ce09bf);
SIR 10 TDI (29e);
STATE IDLE;
RUNTEST 30001E-6 SEC;
SIR 10 TDI (2bf);
SIR 10 TDI (2a1);
SDR 11 TDI (02a);
SIR 10 TDI (290);
SDR 166 TDI (0007000e00000eb9cc0201f503ecfbbecfb0cefbbf);
SIR 10 TDI (29e);
STATE IDLE;
RUNTEST 30001E-6 SEC;
SIR 10 TDI (2bf);
SIR 10 TDI (2a1);
SDR 11 TDI (02b);
SIR 10 TDI (290);
SDR 166 TDI (0007000e00000939c00001f703ecfbbecfb0cefbbf);
SIR 10 TDI (29e);
STATE IDLE;
RUNTEST 30001E-6 SEC;
SIR 10 TDI (2bf);
SIR 10 TDI (2a1);
SDR 11 TDI (02c);
SIR 10 TDI (290);
SDR 166 TDI (0007000e00000fb9cc0201f703ecfbbecfb0cefbbf);
SIR 10 TDI (29e);
STATE IDLE;
RUNTEST 30001E-6 SEC;
SIR 10 TDI (2bf);
SIR 10 TDI (2a1);
SDR 11 TDI (02d);
SIR 10 TDI (290);
SDR 166 TDI (0007000e00000fb9cc0201f703ecfbbecfb0cefbbf);
SIR 10 TDI (29e);
STATE IDLE;
RUNTEST 30001E-6 SEC;
SIR 10 TDI (2bf);
SIR 10 TDI (2a1);
SDR 11 TDI (02e);
SIR 10 TDI (290);
SDR 166 TDI (0007000e00000399cc0201f701ecfb9ecdb0cefbbf);
SIR 10 TDI (29e);
STATE IDLE;
RUNTEST 30001E-6 SEC;
SIR 10 TDI (2bf);
SIR 10 TDI (2a1);
SDR 11 TDI (02f);
SIR 10 TDI (290);
SDR 166 TDI (0007000e00000fb9cc0201f703ecfbbecfb0cefbbf);
SIR 10 TDI (29e);
STATE IDLE;
RUNTEST 30001E-6 SEC;
SIR 10 TDI (2bf);
SIR 10 TDI (2a1);
SDR 11 TDI (030);
SIR 10 TDI (290);
SDR 166 TDI (0007000600000fb9cc0201f701ecfb9acd90cefbbf);
SIR 10 TDI (29e);
STATE IDLE;
RUNTEST 30001E-6 SEC;
SIR 10 TDI (2bf);
SIR 10 TDI (2a1);
SDR 11 TDI (031);
SIR 10 TDI (290);
SDR 166 TDI (0007000e00000139cc0201f703e4fbbe4fb0cefbbf);
SIR 10 TDI (29e);
STATE IDLE;
RUNTEST 30001E-6 SEC;
SIR 10 TDI (2bf);
SIR 10 TDI (2a1);
SDR 11 TDI (032);
SIR 10 TDI (290);
SDR 166 TDI (0006000e00000fb9cc0201f703ecfbbecfb0cef3bf);
SIR 10 TDI (29e);
STATE IDLE;
RUNTEST 30001E-6 SEC;
SIR 10 TDI (2bf);
SIR 10 TDI (2a1);
SDR 11 TDI (033);
SIR 10 TDI (290);
SDR 166 TDI (0007000e000003b9cc0200f7010003900400ce0bbf);
SIR 10 TDI (29e);
STATE IDLE;
RUNTEST 30001E-6 SEC;
SIR 10 TDI (2bf);
SIR 10 TDI (2a1);
SDR 11 TDI (034);
SIR 10 TDI (290);
SDR 166 TDI (0007000e00000fb94c0201f703ecfbbecfb04efbbf);
SIR 10 TDI (29e);
STATE IDLE;
RUNTEST 30001E-6 SEC;
SIR 10 TDI (2bf);
SIR 10 TDI (2a1);
SDR 11 TDI (035);
SIR 10 TDI (290);
SDR 166 TDI (0007000e00000fb9cc0201f703ecfbbecfb0cefbbf);
SIR 10 TDI (29e);
STATE IDLE;
RUNTEST 30001E-6 SEC;
SIR 10 TDI (2bf);
SIR 10 TDI (2a1);
SDR 11 TDI (036);
SIR 10 TDI (290);
SDR 166 TDI (0007000a00000fb9cc0201f703ecfbbecfb0cefbbf);
SIR 10 TDI (29e);
STATE IDLE;
RUNTEST 30001E-6 SEC;
SIR 10 TDI (2bf);
SIR 10 TDI (2a1);
SDR 11 TDI (037);
SIR 10 TDI (290);
SDR 166 TDI (0007000e00000fb9cc0201f701ecfb9ecdb0cefbbf);
SIR 10 TDI (29e);
STATE IDLE;
RUNTEST 30001E-6 SEC;
SIR 10 TDI (2bf);
SIR 10 TDI (2a1);
SDR 11 TDI (038);
SIR 10 TDI (290);
SDR 166 TDI (0005000a00000fa94c0201f503ecfabecfb0cefabf);
SIR 10 TDI (29e);
STATE IDLE;
RUNTEST 30001E-6 SEC;
SIR 10 TDI (2bf);
SIR 10 TDI (2a1);
SDR 11 TDI (039);
SIR 10 TDI (290);
SDR 166 TDI (0006000600000f998c0201f603ecf9becfb0cef9bf);
SIR 10 TDI (29e);
STATE IDLE;
RUNTEST 30001E-6 SEC;
SIR 10 TDI (2bf);
SIR 10 TDI (2a1);
SDR 11 TDI (03a);
SIR 10 TDI (290);
SDR 166 TDI (0007000e00000fb9cc0201f703ecfbbecfb006fbbf);
SIR 10 TDI (29e);
STATE IDLE;
RUNTEST 30001E-6 SEC;
SIR 10 TDI (2bf);
SIR 10 TDI (2a1);
SDR 11 TDI (03b);
SIR 10 TDI (290);
SDR 166 TDI (0007000e00000fb9cc0201f703ecfbbecfb0cafbbf);
SIR 10 TDI (29e);
STATE IDLE;
RUNTEST 30001E-6 SEC;
SIR 10 TDI (2bf);
SIR 10 TDI (2a1);
SDR 11 TDI (03c);
SIR 10 TDI (290);
SDR 166 TDI (0007000e00000fb9cc0201f603ecfbbecfb0cefbbf);
SIR 10 TDI (29e);
STATE IDLE;
RUNTEST 30001E-6 SEC;
SIR 10 TDI (2bf);
SIR 10 TDI (2a1);
SDR 11 TDI (03d);
SIR 10 TDI (290);
SDR 166 TDI (0007000e000003b9cc0201f701ecfb9ecdb0cefbbf);
SIR 10 TDI (29e);
STATE IDLE;
RUNTEST 30001E-6 SEC;
SIR 10 TDI (2bf);
SIR 10 TDI (2a1);
SDR 11 TDI (03e);
SIR 10 TDI (290);
SDR 166 TDI (0007000e00000fb9cc0201f701ecfb9ecdb0cefbbf);
SIR 10 TDI (29e);
STATE IDLE;
RUNTEST 30001E-6 SEC;
SIR 10 TDI (2bf);
SIR 10 TDI (2a1);
SDR 11 TDI (03f);
SIR 10 TDI (290);
SDR 166 TDI (0007000e00000fb9cc0201f703ecfbbecfb0cefbbf);
SIR 10 TDI (29e);
STATE IDLE;
RUNTEST 30001E-6 SEC;
SIR 10 TDI (2bf);
SIR 10 TDI (2a1);
SDR 11 TDI (040);
SIR 10 TDI (290);
SDR 166 TDI (0007000e00000fb9cc0201f703ecfbbecfb0cefbbf);
SIR 10 TDI (29e);
STATE IDLE;
RUNTEST 30001E-6 SEC;
SIR 10 TDI (2bf);
SIR 10 TDI (2a1);
SDR 11 TDI (041);
SIR 10 TDI (290);
SDR 166 TDI (0007000e00000fb9cc0201f703ecfbbecfb0cefbbf);
SIR 10 TDI (29e);
STATE IDLE;
RUNTEST 30001E-6 SEC;
SIR 10 TDI (2bf);
SIR 10 TDI (2a1);
SDR 11 TDI (042);
SIR 10 TDI (290);
SDR 166 TDI (0007000e00000fb9cc0201f703ecfbbecfb0cefbbf);
SIR 10 TDI (29e);
STATE IDLE;
RUNTEST 30001E-6 SEC;
SIR 10 TDI (2bf);
SIR 10 TDI (2a1);
SDR 11 TDI (043);
SIR 10 TDI (290);
SDR 166 TDI (0007000e00000fb9cc0201f703ecfbbecfb0cefbbf);
SIR 10 TDI (29e);
STATE IDLE;
RUNTEST 30001E-6 SEC;
SIR 10 TDI (2bf);
SIR 10 TDI (2a1);
SDR 11 TDI (044);
SIR 10 TDI (290);
SDR 166 TDI (0007000e00000fb9cc0201f703ecfbbecfb0cefbbf);
SIR 10 TDI (29e);
STATE IDLE;
RUNTEST 30001E-6 SEC;
SIR 10 TDI (2bf);
SIR 10 TDI (2a1);
SDR 11 TDI (045);
SIR 10 TDI (290);
SDR 166 TDI (0007000e00000fb9cc0201f703ecfbbecfb0cefbbf);
SIR 10 TDI (29e);
STATE IDLE;
RUNTEST 30001E-6 SEC;
SIR 10 TDI (2bf);
SIR 10 TDI (2a1);
SDR 11 TDI (046);
SIR 10 TDI (290);
SDR 166 TDI (0007000e00000fb9cc0201f703ecfabecfb0cefbbf);
SIR 10 TDI (29e);
STATE IDLE;
RUNTEST 30001E-6 SEC;
SIR 10 TDI (2bf);
SIR 10 TDI (2a1);
SDR 11 TDI (047);
SIR 10 TDI (290);
SDR 166 TDI (0007000e00000fb9cc0201f703ecfbbecfb0cefbbf);
SIR 10 TDI (29e);
STATE IDLE;
RUNTEST 30001E-6 SEC;
SIR 10 TDI (2bf);
SIR 10 TDI (2a1);
SDR 11 TDI (048);
SIR 10 TDI (290);
SDR 166 TDI (0007000e00000fb9cc0201f703ecfbbecfb0cefbbf);
SIR 10 TDI (29e);
STATE IDLE;
RUNTEST 30001E-6 SEC;
SIR 10 TDI (2bf);
SIR 10 TDI (2a1);
SDR 11 TDI (049);
SIR 10 TDI (290);
SDR 166 TDI (0003000c00000fb0cc0201f703ecfbbecfb0cefbbf);
SIR 10 TDI (29e);
STATE IDLE;
RUNTEST 30001E-6 SEC;
SIR 10 TDI (2bf);
SIR 10 TDI (2a1);
SDR 11 TDI (04a);
SIR 10 TDI (290);
SDR 166 TDI (0007000e00000fb9cc0201f703ecfbbecfb0cefbbf);
SIR 10 TDI (29e);
STATE IDLE;
RUNTEST 30001E-6 SEC;
SIR 10 TDI (2bf);
SIR 10 TDI (2a1);
SDR 11 TDI (04b);
SIR 10 TDI (290);
SDR 166 TDI (0007000e00000fb9cc0201f703ecfbbecfb0cefbbf);
SIR 10 TDI (29e);
STATE IDLE;
RUNTEST 30001E-6 SEC;
SIR 10 TDI (2bf);
SIR 10 TDI (2a1);
SDR 11 TDI (04c);
SIR 10 TDI (290);
SDR 166 TDI (0007000e00000fb9cc0201f703ecfbbecfb0cefbbf);
SIR 10 TDI (29e);
STATE IDLE;
RUNTEST 30001E-6 SEC;
SIR 10 TDI (2bf);
SIR 10 TDI (2a1);
SDR 11 TDI (04d);
SIR 10 TDI (290);
SDR 166 TDI (0007000e00000fb9cc0201f703ecfbbecfb0cefbbf);
SIR 10 TDI (29e);
STATE IDLE;
RUNTEST 30001E-6 SEC;
SIR 10 TDI (2bf);
SIR 10 TDI (2a1);
SDR 11 TDI (04e);
SIR 10 TDI (290);
SDR 166 TDI (0007000e000007b9c80201f703ecfbbecfb0c6fbbf);
SIR 10 TDI (29e);
STATE IDLE;
RUNTEST 30001E-6 SEC;
SIR 10 TDI (2bf);
SIR 10 TDI (2a1);
SDR 11 TDI (04f);
SIR 10 TDI (290);
SDR 166 TDI (0007000e00000f39c40001f703ecfbbecfb0cefbbf);
SIR 10 TDI (29e);
STATE IDLE;
RUNTEST 30001E-6 SEC;
SIR 10 TDI (2bf);
SIR 10 TDI (2a1);
SDR 11 TDI (050);
SIR 10 TDI (290);
SDR 166 TDI (0007000e00000fb9cc0201f703ecfbbecfb0cefbbf);
SIR 10 TDI (29e);
STATE IDLE;
RUNTEST 30001E-6 SEC;
SIR 10 TDI (2bf);
SIR 10 TDI (2a1);
SDR 11 TDI (051);
SIR 10 TDI (290);
SDR 166 TDI (0007000e00000fb9cc0201f703ecfbbecfb0c8fbbf);
SIR 10 TDI (29e);
STATE IDLE;
RUNTEST 30001E-6 SEC;
SIR 10 TDI (2bf);
SIR 10 TDI (2a1);
SDR 11 TDI (052);
SIR 10 TDI (290);
SDR 166 TDI (0005000e00000fb9cc0201f703ecfbbecfb0cefbbf);
SIR 10 TDI (29e);
STATE IDLE;
RUNTEST 30001E-6 SEC;
SIR 10 TDI (2bf);
SIR 10 TDI (2a1);
SDR 11 TDI (053);
SIR 10 TDI (290);
SDR 166 TDI (0007000e00000fb9cc0201f703ecfbbecfb0cefbbf);
SIR 10 TDI (29e);
STATE IDLE;
RUNTEST 30001E-6 SEC;
SIR 10 TDI (2bf);
SIR 10 TDI (2a1);
SDR 11 TDI (054);
SIR 10 TDI (290);
SDR 166 TDI (0007000e00000fa9cc0201f703ecfbbecfb0cefabf);
SIR 10 TDI (29e);
STATE IDLE;
RUNTEST 30001E-6 SEC;
SIR 10 TDI (2bf);
SIR 10 TDI (2a1);
SDR 11 TDI (055);
SIR 10 TDI (290);
SDR 166 TDI (0007000e00000fb9cc0201f703ecfbbecfb0cefbbf);
SIR 10 TDI (29e);
STATE IDLE;
RUNTEST 30001E-6 SEC;
SIR 10 TDI (2bf);
SIR 10 TDI (2a1);
SDR 11 TDI (056);
SIR 10 TDI (290);
SDR 166 TDI (0007000e00000fb9cc0201d701ccdb9ec5b0cebbbf);
SIR 10 TDI (29e);
STATE IDLE;
RUNTEST 30001E-6 SEC;
SIR 10 TDI (2bf);
SIR 10 TDI (2a1);
SDR 11 TDI (057);
SIR 10 TDI (290);
SDR 166 TDI (0007000e00000fb9cc0201e703ec7bb20e00ceebbf);
SIR 10 TDI (29e);
STATE IDLE;
RUNTEST 30001E-6 SEC;
SIR 10 TDI (2bf);
SIR 10 TDI (2a1);
SDR 11 TDI (058);
SIR 10 TDI (290);
SDR 166 TDI (0007000e00000d39cc0201f703ecfbbecfb0cefbbf);
SIR 10 TDI (29e);
STATE IDLE;
RUNTEST 30001E-6 SEC;
SIR 10 TDI (2bf);
SIR 10 TDI (2a1);
SDR 11 TDI (059);
SIR 10 TDI (290);
SDR 166 TDI (0007000e00000fb9cc0201f703ecfbbecfb0cefbbf);
SIR 10 TDI (29e);
STATE IDLE;
RUNTEST 30001E-6 SEC;
SIR 10 TDI (2bf);
SIR 10 TDI (2a1);
SDR 11 TDI (05a);
SIR 10 TDI (290);
SDR 166 TDI (0007000e000009b9cc02000701ec019ecdb0cefbbf);
SIR 10 TDI (29e);
STATE IDLE;
RUNTEST 30001E-6 SEC;
SIR 10 TDI (2bf);
SIR 10 TDI (2a1);
SDR 11 TDI (05b);
SIR 10 TDI (290);
SDR 166 TDI (0007000e000007b9cc0201f703ecfbbecfb0cefbbf);
SIR 10 TDI (29e);
STATE IDLE;
RUNTEST 30001E-6 SEC;
SIR 10 TDI (2bf);
SIR 10 TDI (2a1);
SDR 11 TDI (05c);
SIR 10 TDI (290);
SDR 166 TDI (0007000e00000fb9c40001f703ecfbbecfb0cefbbf);
SIR 10 TDI (29e);
STATE IDLE;
RUNTEST 30001E-6 SEC;
SIR 10 TDI (2bf);
SIR 10 TDI (2a1);
SDR 11 TDI (05d);
SIR 10 TDI (290);
SDR 166 TDI (0007000e00000fb9cc0201f302ecfb2ecbb0cefb3f);
SIR 10 TDI (29e);
STATE IDLE;
RUNTEST 30001E-6 SEC;
SIR 10 TDI (2bf);
SIR 10 TDI (2a1);
SDR 11 TDI (05e);
SIR 10 TDI (290);
SDR 166 TDI (0007000e00000fb9cc0201f703ecfbbecfb0cefbbf);
SIR 10 TDI (29e);
STATE IDLE;
RUNTEST 30001E-6 SEC;
SIR 10 TDI (2bf);
SIR 10 TDI (2a1);
SDR 11 TDI (05f);
SIR 10 TDI (290);
SDR 166 TDI (0007000e00000fb9c00001f703ecfbbecfb0cefbbf);
SIR 10 TDI (29e);
STATE IDLE;
RUNTEST 30001E-6 SEC;
SIR 10 TDI (2bf);
SIR 10 TDI (2a1);
SDR 11 TDI (060);
SIR 10 TDI (290);
SDR 166 TDI (0007000e00000739cc0201f701acfb9acdb0cefbbf);
SIR 10 TDI (29e);
STATE IDLE;
RUNTEST 30001E-6 SEC;
SIR 10 TDI (2bf);
SIR 10 TDI (2a1);
SDR 11 TDI (061);
SIR 10 TDI (290);
SDR 166 TDI (0007000e00000bb9cc02017703ecebbe4f80cefbbf);
SIR 10 TDI (29e);
STATE IDLE;
RUNTEST 30001E-6 SEC;
SIR 10 TDI (2bf);
SIR 10 TDI (2a1);
SDR 11 TDI (062);
SIR 10 TDI (290);
SDR 166 TDI (0007000e00000f39cc0201f701acfb96cdb0cef9bf);
SIR 10 TDI (29e);
STATE IDLE;
RUNTEST 30001E-6 SEC;
SIR 10 TDI (2bf);
SIR 10 TDI (2a1);
SDR 11 TDI (063);
SIR 10 TDI (290);
SDR 166 TDI (0007000e000003b9cc0200b703e4fbbecfa0cefbbf);
SIR 10 TDI (29e);
STATE IDLE;
RUNTEST 30001E-6 SEC;
SIR 10 TDI (2bf);
SIR 10 TDI (2a1);
SDR 11 TDI (064);
SIR 10 TDI (290);
SDR 166 TDI (0007000e000006b9cc02010701ecfb9ecdb0cefbbf);
SIR 10 TDI (29e);
STATE IDLE;
RUNTEST 30001E-6 SEC;
SIR 10 TDI (2bf);
SIR 10 TDI (2a1);
SDR 11 TDI (065);
SIR 10 TDI (290);
SDR 166 TDI (0007000e00000bb9cc0201f703ecfbbecfb0cefbbf);
SIR 10 TDI (29e);
STATE IDLE;
RUNTEST 30001E-6 SEC;
SIR 10 TDI (2bf);
SIR 10 TDI (2a1);
SDR 11 TDI (066);
SIR 10 TDI (290);
SDR 166 TDI (0007000e00000fb9cc0201f703ecfbbecfb0cefbbf);
SIR 10 TDI (29e);
STATE IDLE;
RUNTEST 30001E-6 SEC;
SIR 10 TDI (2bf);
SIR 10 TDI (2a1);
SDR 11 TDI (067);
SIR 10 TDI (290);
SDR 166 TDI (0007000e00000fb9cc0201f703ecfbbecfb0cefbbf);
SIR 10 TDI (29e);
STATE IDLE;
RUNTEST 30001E-6 SEC;
SIR 10 TDI (2bf);
SIR 10 TDI (2a1);
SDR 11 TDI (068);
SIR 10 TDI (290);
SDR 166 TDI (0007000e00000fb9cc0201f703ecfbbecfb0cefbbf);
SIR 10 TDI (29e);
STATE IDLE;
RUNTEST 30001E-6 SEC;
SIR 10 TDI (2bf);
SIR 10 TDI (2a1);
SDR 11 TDI (069);
SIR 10 TDI (290);
SDR 166 TDI (0007000e00000fb9cc0201f703ecfbbecfb0cefbbf);
SIR 10 TDI (29e);
STATE IDLE;
RUNTEST 30001E-6 SEC;
SIR 10 TDI (2bf);
SIR 10 TDI (2a1);
SDR 11 TDI (06a);
SIR 10 TDI (290);
SDR 166 TDI (0007000e00000fb9cc0201f703ecfbbecfb0cefbbf);
SIR 10 TDI (29e);
STATE IDLE;
RUNTEST 30001E-6 SEC;
SIR 10 TDI (2bf);
SIR 10 TDI (2a1);
SDR 11 TDI (06b);
SIR 10 TDI (290);
SDR 166 TDI (0007000e00000fb9cc0201f703ecfbbecfb0cefbbf);
SIR 10 TDI (29e);
STATE IDLE;
RUNTEST 30001E-6 SEC;
SIR 10 TDI (2bf);
STATE IDLE;
SIR 10 TDI (2a1);
SDR 11 TDI (080);
SIR 10 TDI (290);
SDR 166 TDI (3ffffc10fbfff7e97fffc0ffb800f7ddff3bc80e3f);
SIR 10 TDI (29e);
STATE IDLE;
RUNTEST 30001E-6 SEC;
SIR 10 TDI (2bf);
SIR 10 TDI (2a1);
SDR 11 TDI (081);
SIR 10 TDI (290);
SDR 166 TDI (3ffffc10ffbff7e97fffe0ffb800f7ddff39c88e3f);
SIR 10 TDI (29e);
STATE IDLE;
RUNTEST 30001E-6 SEC;
SIR 10 TDI (2bf);
SIR 10 TDI (2a1);
SDR 11 TDI (082);
SIR 10 TDI (290);
SDR 166 TDI (3ffffc10fffff7e97fffe0ffb800f7ddff3bc88e3f);
SIR 10 TDI (29e);
STATE IDLE;
RUNTEST 30001E-6 SEC;
SIR 10 TDI (2bf);
SIR 10 TDI (2a1);
SDR 11 TDI (083);
SIR 10 TDI (290);
SDR 166 TDI (3ffffc10fefff7e97fffe0ffb800f7ddff3bc88e3f);
SIR 10 TDI (29e);
STATE IDLE;
RUNTEST 30001E-6 SEC;
SIR 10 TDI (2bf);
SIR 10 TDI (2a1);
SDR 11 TDI (084);
SIR 10 TDI (290);
SDR 166 TDI (3ffffc10fffff7e97ffee0ffb800f7ddff3bc88e3f);
SIR 10 TDI (29e);
STATE IDLE;
RUNTEST 30001E-6 SEC;
SIR 10 TDI (2bf);
SIR 10 TDI (2a1);
SDR 11 TDI (085);
SIR 10 TDI (290);
SDR 166 TDI (3ffffc10fffff7c93fffe0ffb800f7ddff3bc88e3f);
SIR 10 TDI (29e);
STATE IDLE;
RUNTEST 30001E-6 SEC;
SIR 10 TDI (2bf);
SIR 10 TDI (2a1);
SDR 11 TDI (086);
SIR 10 TDI (290);
SDR 166 TDI (3ffffc10fffff7e93fffe0ffb800f7ddff3bc88e3f);
SIR 10 TDI (29e);
STATE IDLE;
RUNTEST 30001E-6 SEC;
SIR 10 TDI (2bf);
SIR 10 TDI (2a1);
SDR 11 TDI (087);
SIR 10 TDI (290);
SDR 166 TDI (3ffffc10fffff7e97fffe0ffb800f7ddff3bc88e3f);
SIR 10 TDI (29e);
STATE IDLE;
RUNTEST 30001E-6 SEC;
SIR 10 TDI (2bf);
SIR 10 TDI (2a1);
SDR 11 TDI (088);
SIR 10 TDI (290);
SDR 166 TDI (3ffffc10fffff7e97fffe0ffb800f7ddff3bc88e3f);
SIR 10 TDI (29e);
STATE IDLE;
RUNTEST 30001E-6 SEC;
SIR 10 TDI (2bf);
SIR 10 TDI (2a1);
SDR 11 TDI (089);
SIR 10 TDI (290);
SDR 166 TDI (3ffffc10fffff7e93fffe0ffb800f7ddff3bc88e3f);
SIR 10 TDI (29e);
STATE IDLE;
RUNTEST 30001E-6 SEC;
SIR 10 TDI (2bf);
SIR 10 TDI (2a1);
SDR 11 TDI (08a);
SIR 10 TDI (290);
SDR 166 TDI (3ffffc10fffff7e97fffa0ffb800f7ddff3bc88e3f);
SIR 10 TDI (29e);
STATE IDLE;
RUNTEST 30001E-6 SEC;
SIR 10 TDI (2bf);
SIR 10 TDI (2a1);
SDR 11 TDI (08b);
SIR 10 TDI (290);
SDR 166 TDI (3ffffc10fffff7e97fffe0ffb800f7ddff3bc88e3f);
SIR 10 TDI (29e);
STATE IDLE;
RUNTEST 30001E-6 SEC;
SIR 10 TDI (2bf);
SIR 10 TDI (2a1);
SDR 11 TDI (08c);
SIR 10 TDI (290);
SDR 166 TDI (3ffffc10fffff7e97fffe0ffb800f7ddff3bc88e3f);
SIR 10 TDI (29e);
STATE IDLE;
RUNTEST 30001E-6 SEC;
SIR 10 TDI (2bf);
SIR 10 TDI (2a1);
SDR 11 TDI (08d);
SIR 10 TDI (290);
SDR 166 TDI (3ffffc10fffff7e97fffe0ffb800f7ddff3bc88e3f);
SIR 10 TDI (29e);
STATE IDLE;
RUNTEST 30001E-6 SEC;
SIR 10 TDI (2bf);
SIR 10 TDI (2a1);
SDR 11 TDI (08e);
SIR 10 TDI (290);
SDR 166 TDI (3ffffc10fffff7e93fffe0ffb800f7ddff3bc88e3f);
SIR 10 TDI (29e);
STATE IDLE;
RUNTEST 30001E-6 SEC;
SIR 10 TDI (2bf);
SIR 10 TDI (2a1);
SDR 11 TDI (08f);
SIR 10 TDI (290);
SDR 166 TDI (3ffffc10fffff7e93fffe0ffb800f7ddff3bc88e3f);
SIR 10 TDI (29e);
STATE IDLE;
RUNTEST 30001E-6 SEC;
SIR 10 TDI (2bf);
SIR 10 TDI (2a1);
SDR 11 TDI (090);
SIR 10 TDI (290);
SDR 166 TDI (33fffc10fbeff6697fbfe0ffa800f7dd7f3bc88e3f);
SIR 10 TDI (29e);
STATE IDLE;
RUNTEST 30001E-6 SEC;
SIR 10 TDI (2bf);
SIR 10 TDI (2a1);
SDR 11 TDI (091);
SIR 10 TDI (290);
SDR 166 TDI (1d2df8104efd27a97affa02f980045ddb43bc8863f);
SIR 10 TDI (29e);
STATE IDLE;
RUNTEST 30001E-6 SEC;
SIR 10 TDI (2bf);
SIR 10 TDI (2a1);
SDR 11 TDI (092);
SIR 10 TDI (290);
SDR 166 TDI (3cff8010f7cef7697fffe0ffb800f7d9df3bc08c3f);
SIR 10 TDI (29e);
STATE IDLE;
RUNTEST 30001E-6 SEC;
SIR 10 TDI (2bf);
SIR 10 TDI (2a1);
SDR 11 TDI (093);
SIR 10 TDI (290);
SDR 166 TDI (3ffffc10fffff7e97fffe0ffb800f7cdff3bc88e3f);
SIR 10 TDI (29e);
STATE IDLE;
RUNTEST 30001E-6 SEC;
SIR 10 TDI (2bf);
SIR 10 TDI (2a1);
SDR 11 TDI (094);
SIR 10 TDI (290);
SDR 166 TDI (23fffc10f7ebf7e977fbe0feb800f7ddbf3bc88e3f);
SIR 10 TDI (29e);
STATE IDLE;
RUNTEST 30001E-6 SEC;
SIR 10 TDI (2bf);
SIR 10 TDI (2a1);
SDR 11 TDI (095);
SIR 10 TDI (290);
SDR 166 TDI (1e27bc104fb426a95affa02f980045dc743bc8863f);
SIR 10 TDI (29e);
STATE IDLE;
RUNTEST 30001E-6 SEC;
SIR 10 TDI (2bf);
SIR 10 TDI (2a1);
SDR 11 TDI (096);
SIR 10 TDI (290);
SDR 166 TDI (3ffffc10fffff7e97fffe0af9800f7d9ff3bc88e3f);
SIR 10 TDI (29e);
STATE IDLE;
RUNTEST 30001E-6 SEC;
SIR 10 TDI (2bf);
SIR 10 TDI (2a1);
SDR 11 TDI (097);
SIR 10 TDI (290);
SDR 166 TDI (3ffffc10fffff7c97fffe07fb800f7ddff3bc88e3f);
SIR 10 TDI (29e);
STATE IDLE;
RUNTEST 30001E-6 SEC;
SIR 10 TDI (2bf);
SIR 10 TDI (2a1);
SDR 11 TDI (098);
SIR 10 TDI (290);
SDR 166 TDI (3effbc10f7def7697fffe0ffb800f7ddff3bc88e3f);
SIR 10 TDI (29e);
STATE IDLE;
RUNTEST 30001E-6 SEC;
SIR 10 TDI (2bf);
SIR 10 TDI (2a1);
SDR 11 TDI (099);
SIR 10 TDI (290);
SDR 166 TDI (3fffc410ffeff7e97fffe0ffb800f7ddff3bc88e3f);
SIR 10 TDI (29e);
STATE IDLE;
RUNTEST 30001E-6 SEC;
SIR 10 TDI (2bf);
SIR 10 TDI (2a1);
SDR 11 TDI (09a);
SIR 10 TDI (290);
SDR 166 TDI (3ffefc10fffff7e97fffe0ff3800f7ddff3bc88e3f);
SIR 10 TDI (29e);
STATE IDLE;
RUNTEST 30001E-6 SEC;
SIR 10 TDI (2bf);
SIR 10 TDI (2a1);
SDR 11 TDI (09b);
SIR 10 TDI (290);
SDR 166 TDI (37fffc10fffff7e97fffe0ffb800f7ddff3bc88e3f);
SIR 10 TDI (29e);
STATE IDLE;
RUNTEST 30001E-6 SEC;
SIR 10 TDI (2bf);
SIR 10 TDI (2a1);
SDR 11 TDI (09c);
SIR 10 TDI (290);
SDR 166 TDI (3feffc107fffe7e97fffe0efb800779df73bc88e3f);
SIR 10 TDI (29e);
STATE IDLE;
RUNTEST 30001E-6 SEC;
SIR 10 TDI (2bf);
SIR 10 TDI (2a1);
SDR 11 TDI (09d);
SIR 10 TDI (290);
SDR 166 TDI (3c7f8010e2807769720ea0748000e7ddfe19888e3f);
SIR 10 TDI (29e);
STATE IDLE;
RUNTEST 30001E-6 SEC;
SIR 10 TDI (2bf);
SIR 10 TDI (2a1);
SDR 11 TDI (09e);
SIR 10 TDI (290);
SDR 166 TDI (3ffffc105ffff7e97fffe0ffb800f7ddff3bc88c3f);
SIR 10 TDI (29e);
STATE IDLE;
RUNTEST 30001E-6 SEC;
SIR 10 TDI (2bf);
SIR 10 TDI (2a1);
SDR 11 TDI (09f);
SIR 10 TDI (290);
SDR 166 TDI (3ffffc00effff7e97fffe0ffb800f7ddff3bc88e3f);
SIR 10 TDI (29e);
STATE IDLE;
RUNTEST 30001E-6 SEC;
SIR 10 TDI (2bf);
SIR 10 TDI (2a1);
SDR 11 TDI (0a0);
SIR 10 TDI (290);
SDR 166 TDI (3ffffc10fffff7e96fffe0ffb800f7ddff2bc88e3f);
SIR 10 TDI (29e);
STATE IDLE;
RUNTEST 30001E-6 SEC;
SIR 10 TDI (2bf);
SIR 10 TDI (2a1);
SDR 11 TDI (0a1);
SIR 10 TDI (290);
SDR 166 TDI (3ffffc10fffff7e97fffe0ffb800f7ddff3bc88e3f);
SIR 10 TDI (29e);
STATE IDLE;
RUNTEST 30001E-6 SEC;
SIR 10 TDI (2bf);
SIR 10 TDI (2a1);
SDR 11 TDI (0a2);
SIR 10 TDI (290);
SDR 166 TDI (3f7fc410ffcff769770fe0ffb800f7ddff3bc88a3f);
SIR 10 TDI (29e);
STATE IDLE;
RUNTEST 30001E-6 SEC;
SIR 10 TDI (2bf);
SIR 10 TDI (2a1);
SDR 11 TDI (0a3);
SIR 10 TDI (290);
SDR 166 TDI (3fbffc10fffff7e97fffe0ffb800f7ddff3bc88e3f);
SIR 10 TDI (29e);
STATE IDLE;
RUNTEST 30001E-6 SEC;
SIR 10 TDI (2bf);
SIR 10 TDI (2a1);
SDR 11 TDI (0a4);
SIR 10 TDI (290);
SDR 166 TDI (3fffdc10ffeff7697effe074a000f7ddff3bc88e3f);
SIR 10 TDI (29e);
STATE IDLE;
RUNTEST 30001E-6 SEC;
SIR 10 TDI (2bf);
SIR 10 TDI (2a1);
SDR 11 TDI (0a5);
SIR 10 TDI (290);
SDR 166 TDI (3fffe400ffd5f7e97fffe0bf9800f5ddff3b888e3f);
SIR 10 TDI (29e);
STATE IDLE;
RUNTEST 30001E-6 SEC;
SIR 10 TDI (2bf);
SIR 10 TDI (2a1);
SDR 11 TDI (0a6);
SIR 10 TDI (290);
SDR 166 TDI (3ffcfc10fdfff5e96ffde0ff3800f3dccf3b488e3f);
SIR 10 TDI (29e);
STATE IDLE;
RUNTEST 30001E-6 SEC;
SIR 10 TDI (2bf);
SIR 10 TDI (2a1);
SDR 11 TDI (0a7);
SIR 10 TDI (290);
SDR 166 TDI (0d2fc0104ad526e9720ea0248000449df439888e3f);
SIR 10 TDI (29e);
STATE IDLE;
RUNTEST 30001E-6 SEC;
SIR 10 TDI (2bf);
SIR 10 TDI (2a1);
SDR 11 TDI (0a8);
SIR 10 TDI (290);
SDR 166 TDI (3ffffc10fffff7e97fffe0ffb800f7ddf53bc88e3f);
SIR 10 TDI (29e);
STATE IDLE;
RUNTEST 30001E-6 SEC;
SIR 10 TDI (2bf);
SIR 10 TDI (2a1);
SDR 11 TDI (0a9);
SIR 10 TDI (290);
SDR 166 TDI (3ffffc10fffff7e97fffe0ffb800f5ddfe3bc88e3f);
SIR 10 TDI (29e);
STATE IDLE;
RUNTEST 30001E-6 SEC;
SIR 10 TDI (2bf);
SIR 10 TDI (2a1);
SDR 11 TDI (0aa);
SIR 10 TDI (290);
SDR 166 TDI (3fffdc10fdabf7e97fffe0ffb800f7ddff3bc88e3f);
SIR 10 TDI (29e);
STATE IDLE;
RUNTEST 30001E-6 SEC;
SIR 10 TDI (2bf);
SIR 10 TDI (2a1);
SDR 11 TDI (0ab);
SIR 10 TDI (290);
SDR 166 TDI (3fffe410ffdff7697fffe0ffb800f7ddff3bc88e3f);
SIR 10 TDI (29e);
STATE IDLE;
RUNTEST 30001E-6 SEC;
SIR 10 TDI (2bf);
SIR 10 TDI (2a1);
SDR 11 TDI (0ac);
SIR 10 TDI (290);
SDR 166 TDI (3ffffc10fffff7e97ffde0ffb800f7ddff2bc88e3f);
SIR 10 TDI (29e);
STATE IDLE;
RUNTEST 30001E-6 SEC;
SIR 10 TDI (2bf);
SIR 10 TDI (2a1);
SDR 11 TDI (0ad);
SIR 10 TDI (290);
SDR 166 TDI (3ffffc10fffff7e97fffe0ffb800f7ddff1bc88e3f);
SIR 10 TDI (29e);
STATE IDLE;
RUNTEST 30001E-6 SEC;
SIR 10 TDI (2bf);
SIR 10 TDI (2a1);
SDR 11 TDI (0ae);
SIR 10 TDI (290);
SDR 166 TDI (3ffefc10fffff7e97fffe0ffb800f7d9df3bc08c3f);
SIR 10 TDI (29e);
STATE IDLE;
RUNTEST 30001E-6 SEC;
SIR 10 TDI (2bf);
SIR 10 TDI (2a1);
SDR 11 TDI (0af);
SIR 10 TDI (290);
SDR 166 TDI (3bfffc10fffff7e97fffe0ffb800f7d5ff3bc88e3f);
SIR 10 TDI (29e);
STATE IDLE;
RUNTEST 30001E-6 SEC;
SIR 10 TDI (2bf);
SIR 10 TDI (2a1);
SDR 11 TDI (0b0);
SIR 10 TDI (290);
SDR 166 TDI (3ffffc10fa9377e97fffc0ffb800f7ddff3bc80e3f);
SIR 10 TDI (29e);
STATE IDLE;
RUNTEST 30001E-6 SEC;
SIR 10 TDI (2bf);
SIR 10 TDI (2a1);
SDR 11 TDI (0b1);
SIR 10 TDI (290);
SDR 166 TDI (3fffc410ffefb7697fffe0ffb800f7ddff3bc88e3f);
SIR 10 TDI (29e);
STATE IDLE;
RUNTEST 30001E-6 SEC;
SIR 10 TDI (2bf);
SIR 10 TDI (2a1);
SDR 11 TDI (0b2);
SIR 10 TDI (290);
SDR 166 TDI (3fffec10effff7697ffee0ffb800f7ddff3bc88e3f);
SIR 10 TDI (29e);
STATE IDLE;
RUNTEST 30001E-6 SEC;
SIR 10 TDI (2bf);
SIR 10 TDI (2a1);
SDR 11 TDI (0b3);
SIR 10 TDI (290);
SDR 166 TDI (3fffd410dfcff7e97fffe0ffb800f7ddff3bc88e3f);
SIR 10 TDI (29e);
STATE IDLE;
RUNTEST 30001E-6 SEC;
SIR 10 TDI (2bf);
SIR 10 TDI (2a1);
SDR 11 TDI (0b4);
SIR 10 TDI (290);
SDR 166 TDI (3ffffc10fffff7e97fffe0ffb800f7ddff3bc88e3f);
SIR 10 TDI (29e);
STATE IDLE;
RUNTEST 30001E-6 SEC;
SIR 10 TDI (2bf);
SIR 10 TDI (2a1);
SDR 11 TDI (0b5);
SIR 10 TDI (290);
SDR 166 TDI (3ffffc10fffff7e97fffe0ffb800f7ddff3bc88e3f);
SIR 10 TDI (29e);
STATE IDLE;
RUNTEST 30001E-6 SEC;
SIR 10 TDI (2bf);
SIR 10 TDI (2a1);
SDR 11 TDI (0b6);
SIR 10 TDI (290);
SDR 166 TDI (3ffffc10fffff7e97fffe0ffb800f7ddff3bc88e3f);
SIR 10 TDI (29e);
STATE IDLE;
RUNTEST 30001E-6 SEC;
SIR 10 TDI (2bf);
SIR 10 TDI (2a1);
SDR 11 TDI (0b7);
SIR 10 TDI (290);
SDR 166 TDI (3ffffc10fffff7e97fffe0ffb800f7ddff3bc88e3f);
SIR 10 TDI (29e);
STATE IDLE;
RUNTEST 30001E-6 SEC;
SIR 10 TDI (2bf);
SIR 10 TDI (2a1);
SDR 11 TDI (0b8);
SIR 10 TDI (290);
SDR 166 TDI (3ffffc10fffff7c97fffe0ffb800f7ddff3b488e3f);
SIR 10 TDI (29e);
STATE IDLE;
RUNTEST 30001E-6 SEC;
SIR 10 TDI (2bf);
SIR 10 TDI (2a1);
SDR 11 TDI (0b9);
SIR 10 TDI (290);
SDR 166 TDI (3ffffc10fffff7e97fffe0ffb800f7ddff3bc88e3f);
SIR 10 TDI (29e);
STATE IDLE;
RUNTEST 30001E-6 SEC;
SIR 10 TDI (2bf);
SIR 10 TDI (2a1);
SDR 11 TDI (0ba);
SIR 10 TDI (290);
SDR 166 TDI (3ffffc10fffff7e97fffe0ffb800f7ddff3bc88e3f);
SIR 10 TDI (29e);
STATE IDLE;
RUNTEST 30001E-6 SEC;
SIR 10 TDI (2bf);
SIR 10 TDI (2a1);
SDR 11 TDI (0bb);
SIR 10 TDI (290);
SDR 166 TDI (3ffffc10fffff7e97fffe0ffb800f7ddff3bc88e3f);
SIR 10 TDI (29e);
STATE IDLE;
RUNTEST 30001E-6 SEC;
SIR 10 TDI (2bf);
SIR 10 TDI (2a1);
SDR 11 TDI (0bc);
SIR 10 TDI (290);
SDR 166 TDI (3ffffc10fffff7e97fffe0ffb800f7ddff3bc88e3f);
SIR 10 TDI (29e);
STATE IDLE;
RUNTEST 30001E-6 SEC;
SIR 10 TDI (2bf);
SIR 10 TDI (2a1);
SDR 11 TDI (0bd);
SIR 10 TDI (290);
SDR 166 TDI (3fdffc10bf7fd3e07dff60ffb800f7ddff3bc88e3f);
SIR 10 TDI (29e);
STATE IDLE;
RUNTEST 30001E-6 SEC;
SIR 10 TDI (2bf);
SIR 10 TDI (2a1);
SDR 11 TDI (0be);
SIR 10 TDI (290);
SDR 166 TDI (3ffffc10ffddf7295af7a0ff9800e5ddff39888e3f);
SIR 10 TDI (29e);
STATE IDLE;
RUNTEST 30001E-6 SEC;
SIR 10 TDI (2bf);
SIR 10 TDI (2a1);
SDR 11 TDI (0bf);
SIR 10 TDI (290);
SDR 166 TDI (3fffc010ffeef7e97fefe0f7b800d7ddff3bc88e3f);
SIR 10 TDI (29e);
STATE IDLE;
RUNTEST 30001E-6 SEC;
SIR 10 TDI (2bf);
SIR 10 TDI (2a1);
SDR 11 TDI (0c0);
SIR 10 TDI (290);
SDR 166 TDI (3ffffc10fffff7e97fffe0ffb800f7ddff3bc88e3f);
SIR 10 TDI (29e);
STATE IDLE;
RUNTEST 30001E-6 SEC;
SIR 10 TDI (2bf);
SIR 10 TDI (2a1);
SDR 11 TDI (0c1);
SIR 10 TDI (290);
SDR 166 TDI (3ffffc10fffff7e97fffe0ffb800f7ddff3bc88e3f);
SIR 10 TDI (29e);
STATE IDLE;
RUNTEST 30001E-6 SEC;
SIR 10 TDI (2bf);
SIR 10 TDI (2a1);
SDR 11 TDI (0c2);
SIR 10 TDI (290);
SDR 166 TDI (3ffffc10fffff7e93fffe0ffb80057ddff3b888e3f);
SIR 10 TDI (29e);
STATE IDLE;
RUNTEST 30001E-6 SEC;
SIR 10 TDI (2bf);
SIR 10 TDI (2a1);
SDR 11 TDI (0c3);
SIR 10 TDI (290);
SDR 166 TDI (3ffffc10fffff7e97fffe0ffb800e7ddff3bc88e3f);
SIR 10 TDI (29e);
STATE IDLE;
RUNTEST 30001E-6 SEC;
SIR 10 TDI (2bf);
SIR 10 TDI (2a1);
SDR 11 TDI (0c4);
SIR 10 TDI (290);
SDR 166 TDI (3ffffc10fffff7e93fffe0ffb800f7c5ff3bc88e3f);
SIR 10 TDI (29e);
STATE IDLE;
RUNTEST 30001E-6 SEC;
SIR 10 TDI (2bf);
SIR 10 TDI (2a1);
SDR 11 TDI (0c5);
SIR 10 TDI (290);
SDR 166 TDI (3ffffc10fffff7e97fffe0ffb800f7ddff3bc88e3f);
SIR 10 TDI (29e);
STATE IDLE;
RUNTEST 30001E-6 SEC;
SIR 10 TDI (2bf);
SIR 10 TDI (2a1);
SDR 11 TDI (0c6);
SIR 10 TDI (290);
SDR 166 TDI (3ffffc10fffff7c97fffe0ffb800f7ddff3bc88e3f);
SIR 10 TDI (29e);
STATE IDLE;
RUNTEST 30001E-6 SEC;
SIR 10 TDI (2bf);
SIR 10 TDI (2a1);
SDR 11 TDI (0c7);
SIR 10 TDI (290);
SDR 166 TDI (3ffffc10fffff7e97fffe0ffb800f7ddff3bc88e3f);
SIR 10 TDI (29e);
STATE IDLE;
RUNTEST 30001E-6 SEC;
SIR 10 TDI (2bf);
SIR 10 TDI (2a1);
SDR 11 TDI (0c8);
SIR 10 TDI (290);
SDR 166 TDI (3ffffc10fff5a7e97fffe0ffb800f7ddff3bc88e3f);
SIR 10 TDI (29e);
STATE IDLE;
RUNTEST 30001E-6 SEC;
SIR 10 TDI (2bf);
SIR 10 TDI (2a1);
SDR 11 TDI (0c9);
SIR 10 TDI (290);
SDR 166 TDI (3ffffc10ffff77e97fffe0ffb800f7ddff3bc88e3f);
SIR 10 TDI (29e);
STATE IDLE;
RUNTEST 30001E-6 SEC;
SIR 10 TDI (2bf);
SIR 10 TDI (2a1);
SDR 11 TDI (0ca);
SIR 10 TDI (290);
SDR 166 TDI (222ffc104fef27e97f7be02fb00047ddb43bc88e3f);
SIR 10 TDI (29e);
STATE IDLE;
RUNTEST 30001E-6 SEC;
SIR 10 TDI (2bf);
SIR 10 TDI (2a1);
SDR 11 TDI (0cb);
SIR 10 TDI (290);
SDR 166 TDI (1ffbfc10f7f9f6a95af7a0ff9800f5dd6f3bc8863f);
SIR 10 TDI (29e);
STATE IDLE;
RUNTEST 30001E-6 SEC;
SIR 10 TDI (2bf);
SIR 10 TDI (2a1);
SDR 11 TDI (0cc);
SIR 10 TDI (290);
SDR 166 TDI (3ffffc10fffff7e97fffe0ffb800f7ddff3bc88e3f);
SIR 10 TDI (29e);
STATE IDLE;
RUNTEST 30001E-6 SEC;
SIR 10 TDI (2bf);
SIR 10 TDI (2a1);
SDR 11 TDI (0cd);
SIR 10 TDI (290);
SDR 166 TDI (3ffffc10fffff7e97fffe0ffb800f7ddff3bc88e3f);
SIR 10 TDI (29e);
STATE IDLE;
RUNTEST 30001E-6 SEC;
SIR 10 TDI (2bf);
SIR 10 TDI (2a1);
SDR 11 TDI (0ce);
SIR 10 TDI (290);
SDR 166 TDI (3fffec10ffdff7697fffe0ffb800f7ddff3bc88e3f);
SIR 10 TDI (29e);
STATE IDLE;
RUNTEST 30001E-6 SEC;
SIR 10 TDI (2bf);
SIR 10 TDI (2a1);
SDR 11 TDI (0cf);
SIR 10 TDI (290);
SDR 166 TDI (3fffd410ffeff7e97fffe0ffb800f7ddff3bc88e3f);
SIR 10 TDI (29e);
STATE IDLE;
RUNTEST 30001E-6 SEC;
SIR 10 TDI (2bf);
SIR 10 TDI (2a1);
SDR 11 TDI (0d0);
SIR 10 TDI (290);
SDR 166 TDI (1ffffc10fffff5e97fffe0ffb800f7ddff3bc88a3f);
SIR 10 TDI (29e);
STATE IDLE;
RUNTEST 30001E-6 SEC;
SIR 10 TDI (2bf);
SIR 10 TDI (2a1);
SDR 11 TDI (0d1);
SIR 10 TDI (290);
SDR 166 TDI (3ffffc10fffff7e97fffe0dbb800b75dfb32c88e3f);
SIR 10 TDI (29e);
STATE IDLE;
RUNTEST 30001E-6 SEC;
SIR 10 TDI (2bf);
SIR 10 TDI (2a1);
SDR 11 TDI (0d2);
SIR 10 TDI (290);
SDR 166 TDI (3fff7c10fffff7e97fffe0ffb800f7ddff3bc88e3f);
SIR 10 TDI (29e);
STATE IDLE;
RUNTEST 30001E-6 SEC;
SIR 10 TDI (2bf);
SIR 10 TDI (2a1);
SDR 11 TDI (0d3);
SIR 10 TDI (290);
SDR 166 TDI (3ffffc10fffff7e97fffe0ffb800f7ddff3bc88e3f);
SIR 10 TDI (29e);
STATE IDLE;
RUNTEST 30001E-6 SEC;
SIR 10 TDI (2bf);
SIR 10 TDI (2a1);
SDR 11 TDI (0d4);
SIR 10 TDI (290);
SDR 166 TDI (3ffff410fffdf7295af7a0ff9800f7ddfe1bc8863f);
SIR 10 TDI (29e);
STATE IDLE;
RUNTEST 30001E-6 SEC;
SIR 10 TDI (2bf);
SIR 10 TDI (2a1);
SDR 11 TDI (0d5);
SIR 10 TDI (290);
SDR 166 TDI (3dff8c10ffcff7e97fdfe0fdb800f6ddfd3bc88e3f);
SIR 10 TDI (29e);
STATE IDLE;
RUNTEST 30001E-6 SEC;
SIR 10 TDI (2bf);
SIR 10 TDI (2a1);
SDR 11 TDI (0d6);
SIR 10 TDI (290);
SDR 166 TDI (3faffc10fffff7e97bffe0ffb800f7ddff3bc08e3f);
SIR 10 TDI (29e);
STATE IDLE;
RUNTEST 30001E-6 SEC;
SIR 10 TDI (2bf);
SIR 10 TDI (2a1);
SDR 11 TDI (0d7);
SIR 10 TDI (290);
SDR 166 TDI (3f7ffc10fffff7e97fffe0ffb800f7ddff3bc88e3f);
SIR 10 TDI (29e);
STATE IDLE;
RUNTEST 30001E-6 SEC;
SIR 10 TDI (2bf);
SIR 10 TDI (2a1);
SDR 11 TDI (0d8);
SIR 10 TDI (290);
SDR 166 TDI (3ffff410fffff7697fffe0ffb800f7ddff3bc88e3f);
SIR 10 TDI (29e);
STATE IDLE;
RUNTEST 30001E-6 SEC;
SIR 10 TDI (2bf);
SIR 10 TDI (2a1);
SDR 11 TDI (0d9);
SIR 10 TDI (290);
SDR 166 TDI (3fffcc10ffcff7e97fffe0ffb800f7ddff3bc88e3f);
SIR 10 TDI (29e);
STATE IDLE;
RUNTEST 30001E-6 SEC;
SIR 10 TDI (2bf);
SIR 10 TDI (2a1);
SDR 11 TDI (0da);
SIR 10 TDI (290);
SDR 166 TDI (3ffffc10fffff7e97fffe0ffb800f7ddff3bc88e3f);
SIR 10 TDI (29e);
STATE IDLE;
RUNTEST 30001E-6 SEC;
SIR 10 TDI (2bf);
SIR 10 TDI (2a1);
SDR 11 TDI (0db);
SIR 10 TDI (290);
SDR 166 TDI (3ffffc10fffff7e97fffe0ffb800f3ddff3bc88e3f);
SIR 10 TDI (29e);
STATE IDLE;
RUNTEST 30001E-6 SEC;
SIR 10 TDI (2bf);
SIR 10 TDI (2a1);
SDR 11 TDI (0dc);
SIR 10 TDI (290);
SDR 166 TDI (3ffffc10fffff7e97fffe0ffb800f7ddff3bc88e3f);
SIR 10 TDI (29e);
STATE IDLE;
RUNTEST 30001E-6 SEC;
SIR 10 TDI (2bf);
SIR 10 TDI (2a1);
SDR 11 TDI (0dd);
SIR 10 TDI (290);
SDR 166 TDI (3ffffc10fffff7e97fffe0ffb800f7ddff3bc88e3f);
SIR 10 TDI (29e);
STATE IDLE;
RUNTEST 30001E-6 SEC;
SIR 10 TDI (2bf);
SIR 10 TDI (2a1);
SDR 11 TDI (0de);
SIR 10 TDI (290);
SDR 166 TDI (3ffffc10fffff7e97fffe0ffb800f7ddff3bc88e3f);
SIR 10 TDI (29e);
STATE IDLE;
RUNTEST 30001E-6 SEC;
SIR 10 TDI (2bf);
SIR 10 TDI (2a1);
SDR 11 TDI (0df);
SIR 10 TDI (290);
SDR 166 TDI (3ffffc10fffff7e97fffe0ffb800f7ddff3bc88e3f);
SIR 10 TDI (29e);
STATE IDLE;
RUNTEST 30001E-6 SEC;
SIR 10 TDI (2bf);
STATE IDLE;
SIR 10 TDI (2a1);
SDR 11 TDI (000);
SIR 10 TDI (290);
SDR 166 TDI (3ffffd93fdfbc0000100bfffd09991b8c00100013f);
SIR 10 TDI (29e);
STATE IDLE;
RUNTEST 30001E-6 SEC;
SIR 10 TDI (2bf);
SIR 10 TDI (2a1);
SDR 11 TDI (001);
SIR 10 TDI (290);
SDR 166 TDI (3fffe6626666646264023fffe2732324605011003f);
SIR 10 TDI (29e);
STATE IDLE;
RUNTEST 30001E-6 SEC;
SIR 10 TDI (2bf);
SIR 10 TDI (2a1);
SDR 11 TDI (002);
SIR 10 TDI (290);
SDR 166 TDI (3fffd10800003ef7fe677fffc980080136e666667f);
SIR 10 TDI (29e);
STATE IDLE;
RUNTEST 30001E-6 SEC;
SIR 10 TDI (2bf);
SIR 10 TDI (2a1);
SDR 11 TDI (003);
SIR 10 TDI (290);
SDR 166 TDI (3fffff0ffcf3ddfbdf9bbfffcff30f33ddff9f9bbf);
SIR 10 TDI (29e);
STATE IDLE;
RUNTEST 30001E-6 SEC;
SIR 10 TDI (2bf);
SIR 10 TDI (2a1);
SDR 11 TDI (004);
SIR 10 TDI (290);
SDR 166 TDI (3fffffffffffd9999b9dffffffffffffdd9b99bfbf);
SIR 10 TDI (29e);
STATE IDLE;
RUNTEST 30001E-6 SEC;
SIR 10 TDI (2bf);
SIR 10 TDI (2a1);
SDR 11 TDI (005);
SIR 10 TDI (290);
SDR 166 TDI (3ffff0fc030c276e67f6ffffffcf3fcf2f7fef7fff);
SIR 10 TDI (29e);
STATE IDLE;
RUNTEST 30001E-6 SEC;
SIR 10 TDI (2bf);
SIR 10 TDI (2a1);
SDR 11 TDI (006);
SIR 10 TDI (290);
SDR 166 TDI (3fffd1f91bc1108000903ffff7981bc9600080023f);
SIR 10 TDI (29e);
STATE IDLE;
RUNTEST 30001E-6 SEC;
SIR 10 TDI (2bf);
SIR 10 TDI (2a1);
SDR 11 TDI (007);
SIR 10 TDI (290);
SDR 166 TDI (3fffec668642482508003fffe6644672482501003f);
SIR 10 TDI (29e);
STATE IDLE;
RUNTEST 30001E-6 SEC;
SIR 10 TDI (2bf);
SIR 10 TDI (2a1);
SDR 11 TDI (008);
SIR 10 TDI (290);
SDR 166 TDI (3fffc0000018a67666667fffd1018000267e66667f);
SIR 10 TDI (29e);
STATE IDLE;
RUNTEST 30001E-6 SEC;
SIR 10 TDI (2bf);
SIR 10 TDI (2a1);
SDR 11 TDI (009);
SIR 10 TDI (290);
SDR 166 TDI (3fffcc00c3fcfdff9f9bbfffff03c3f00dff9f9abf);
SIR 10 TDI (29e);
STATE IDLE;
RUNTEST 30001E-6 SEC;
SIR 10 TDI (2bf);
SIR 10 TDI (2a1);
SDR 11 TDI (00a);
SIR 10 TDI (290);
SDR 166 TDI (3ffffffffffffbd99999bfffffffffffd999bd9dff);
SIR 10 TDI (29e);
STATE IDLE;
RUNTEST 30001E-6 SEC;
SIR 10 TDI (2bf);
SIR 10 TDI (2a1);
SDR 11 TDI (00b);
SIR 10 TDI (290);
SDR 166 TDI (3fffdd9fdf3f3fefffffffffffbfdc3b2fe7ffffff);
SIR 10 TDI (29e);
STATE IDLE;
RUNTEST 30001E-6 SEC;
SIR 10 TDI (2bf);
STATE IDLE;
SIR 10 TDI (2a1);
SDR 11 TDI (0e0);
SIR 10 TDI (290);
SDR 166 TDI (2bfffd7fd7fffffffffffbfffd7fdfffffffffffdf);
SIR 10 TDI (29e);
STATE IDLE;
RUNTEST 30001E-6 SEC;
SIR 10 TDI (2bf);
SIR 10 TDI (2a1);
SDR 11 TDI (0e1);
SIR 10 TDI (290);
SDR 166 TDI (3ff87fcffff7efdffefffffc7ffbfffffffffeffff);
SIR 10 TDI (29e);
STATE IDLE;
RUNTEST 30001E-6 SEC;
SIR 10 TDI (2bf);
SIR 10 TDI (2a1);
SDR 11 TDI (0e2);
SIR 10 TDI (290);
SDR 166 TDI (3fffebbfeffefffcbfbffffffbfffbfeffffbfbff7);
SIR 10 TDI (29e);
STATE IDLE;
RUNTEST 30001E-6 SEC;
SIR 10 TDI (2bf);
SIR 10 TDI (2a1);
SDR 11 TDI (0e3);
SIR 10 TDI (290);
SDR 166 TDI (157fffffffffff7fffffd46fefffffffebdfffefff);
SIR 10 TDI (29e);
STATE IDLE;
RUNTEST 30001E-6 SEC;
SIR 10 TDI (2bf);
SIR 10 TDI (2a1);
SDR 11 TDI (0e4);
SIR 10 TDI (290);
SDR 166 TDI (3ffffffefffffffffd7ffffffffebffffffffd7fff);
SIR 10 TDI (29e);
STATE IDLE;
RUNTEST 30001E-6 SEC;
SIR 10 TDI (2bf);
SIR 10 TDI (2a1);
SDR 11 TDI (0e5);
SIR 10 TDI (290);
SDR 166 TDI (3efffffdfffd7aefffffffffb7d57ff3ffebd7ffff);
SIR 10 TDI (29e);
STATE IDLE;
RUNTEST 30001E-6 SEC;
SIR 10 TDI (2bf);
SIR 10 TDI (2a1);
SDR 11 TDI (0e6);
SIR 10 TDI (290);
SDR 166 TDI (3fefbeff7fffffffffd7effbfebfffffffffffdfef);
SIR 10 TDI (29e);
STATE IDLE;
RUNTEST 30001E-6 SEC;
SIR 10 TDI (2bf);
SIR 10 TDI (2a1);
SDR 11 TDI (0e7);
SIR 10 TDI (290);
SDR 166 TDI (3fd7fffbfc3fffffd7fc3fdffffffc3ffffffffc3f);
SIR 10 TDI (29e);
STATE IDLE;
RUNTEST 30001E-6 SEC;
SIR 10 TDI (2bf);
SIR 10 TDI (2a1);
SDR 11 TDI (0e8);
SIR 10 TDI (290);
SDR 166 TDI (3ffff7ffffffffb7ebfffffffffff7fffd7ffffff8);
SIR 10 TDI (29e);
STATE IDLE;
RUNTEST 30001E-6 SEC;
SIR 10 TDI (2bf);
STATE IDLE;
SIR 10 TDI (2a1);
SDR 11 TDI (200);
SIR 10 TDI (292);
SDR 4 TDI (f);
SIR 10 TDI (29e);
STATE IDLE;
RUNTEST 30001E-6 SEC;
SIR 10 TDI (2bf);
STATE IDLE;
SIR 10 TDI (2a1);
SDR 11 TDI (300);
SIR 10 TDI (293);
SDR 16 TDI (3000);
SIR 10 TDI (29e);
STATE IDLE;
RUNTEST 30001E-6 SEC;
SIR 10 TDI (2bf);
STATE IDLE;
SIR 10 TDI (2a1);
SDR 11 TDI (100);
SIR 10 TDI (291);
SDR 32 TDI (321d323f);
SIR 10 TDI (29e);
STATE IDLE;
RUNTEST 30001E-6 SEC;
SIR 10 TDI (2bf);
STATE IDLE;
SIR 10 TDI (2a1);
SDR 11 TDI (00c);
SIR 10 TDI (28c);
STATE IDLE;
RUNTEST 20001E-6 SEC;
SIR 10 TDI (290);
SDR 166 TDI (0007000e00000fb9cc0201f703ecfbbecfb0cefbbf)
	TDO (0007000e00000fb9cc0201f703ecfbbecfb0cefbbf)
	MASK (3fffffffffffffffffffffffffffffffffffffffff);
SIR 10 TDI (2a1);
SDR 11 TDI (00d);
SIR 10 TDI (28c);
STATE IDLE;
RUNTEST 20001E-6 SEC;
SIR 10 TDI (290);
SDR 166 TDI (0007000e00000fb9cc0201f703ecfbbecfb0cefbbf)
	TDO (0007000e00000fb9cc0201f703ecfbbecfb0cefbbf)
	MASK (3fffffffffffffffffffffffffffffffffffffffff);
SIR 10 TDI (2a1);
SDR 11 TDI (00e);
SIR 10 TDI (28c);
STATE IDLE;
RUNTEST 20001E-6 SEC;
SIR 10 TDI (290);
SDR 166 TDI (0007000e00000fb9cc0201f703ecfbbecfb0cefbbf)
	TDO (0007000e00000fb9cc0201f703ecfbbecfb0cefbbf)
	MASK (3fffffffffffffffffffffffffffffffffffffffff);
SIR 10 TDI (2a1);
SDR 11 TDI (00f);
SIR 10 TDI (28c);
STATE IDLE;
RUNTEST 20001E-6 SEC;
SIR 10 TDI (290);
SDR 166 TDI (0007000e00000fb9cc0201f703ecfbbecfb0cefbbf)
	TDO (0007000e00000fb9cc0201f703ecfbbecfb0cefbbf)
	MASK (3fffffffffffffffffffffffffffffffffffffffff);
SIR 10 TDI (2a1);
SDR 11 TDI (010);
SIR 10 TDI (28c);
STATE IDLE;
RUNTEST 20001E-6 SEC;
SIR 10 TDI (290);
SDR 166 TDI (0007000e00000fb9cc0201f703ecfbbecfb0cefbbf)
	TDO (0007000e00000fb9cc0201f703ecfbbecfb0cefbbf)
	MASK (3fffffffffffffffffffffffffffffffffffffffff);
SIR 10 TDI (2a1);
SDR 11 TDI (011);
SIR 10 TDI (28c);
STATE IDLE;
RUNTEST 20001E-6 SEC;
SIR 10 TDI (290);
SDR 166 TDI (0007000e00000fb9cc0201f703ecfbbecfb0cefbbf)
	TDO (0007000e00000fb9cc0201f703ecfbbecfb0cefbbf)
	MASK (3fffffffffffffffffffffffffffffffffffffffff);
SIR 10 TDI (2a1);
SDR 11 TDI (012);
SIR 10 TDI (28c);
STATE IDLE;
RUNTEST 20001E-6 SEC;
SIR 10 TDI (290);
SDR 166 TDI (0007000e00000fb9cc0201f703ecfbbecfb0cefbbf)
	TDO (0007000e00000fb9cc0201f703ecfbbecfb0cefbbf)
	MASK (3fffffffffffffffffffffffffffffffffffffffff);
SIR 10 TDI (2a1);
SDR 11 TDI (013);
SIR 10 TDI (28c);
STATE IDLE;
RUNTEST 20001E-6 SEC;
SIR 10 TDI (290);
SDR 166 TDI (0007000e00000fb9cc0201f703ecfbbecfb0cefbbf)
	TDO (0007000e00000fb9cc0201f703ecfbbecfb0cefbbf)
	MASK (3fffffffffffffffffffffffffffffffffffffffff);
SIR 10 TDI (2a1);
SDR 11 TDI (014);
SIR 10 TDI (28c);
STATE IDLE;
RUNTEST 20001E-6 SEC;
SIR 10 TDI (290);
SDR 166 TDI (0007000e00000fb9cc0201f703ecfbbecfb0cefbbf)
	TDO (0007000e00000fb9cc0201f703ecfbbecfb0cefbbf)
	MASK (3fffffffffffffffffffffffffffffffffffffffff);
SIR 10 TDI (2a1);
SDR 11 TDI (015);
SIR 10 TDI (28c);
STATE IDLE;
RUNTEST 20001E-6 SEC;
SIR 10 TDI (290);
SDR 166 TDI (0007000e00000fb9cc0201f703ecfbbecfb0cefbbf)
	TDO (0007000e00000fb9cc0201f703ecfbbecfb0cefbbf)
	MASK (3fffffffffffffffffffffffffffffffffffffffff);
SIR 10 TDI (2a1);
SDR 11 TDI (016);
SIR 10 TDI (28c);
STATE IDLE;
RUNTEST 20001E-6 SEC;
SIR 10 TDI (290);
SDR 166 TDI (0007000e00000fb9cc0201f703ecfbbecfb0cefbbf)
	TDO (0007000e00000fb9cc0201f703ecfbbecfb0cefbbf)
	MASK (3fffffffffffffffffffffffffffffffffffffffff);
SIR 10 TDI (2a1);
SDR 11 TDI (017);
SIR 10 TDI (28c);
STATE IDLE;
RUNTEST 20001E-6 SEC;
SIR 10 TDI (290);
SDR 166 TDI (0007000e00000fb9cc0201f703ecfbbecfb0cefbbf)
	TDO (0007000e00000fb9cc0201f703ecfbbecfb0cefbbf)
	MASK (3fffffffffffffffffffffffffffffffffffffffff);
SIR 10 TDI (2a1);
SDR 11 TDI (018);
SIR 10 TDI (28c);
STATE IDLE;
RUNTEST 20001E-6 SEC;
SIR 10 TDI (290);
SDR 166 TDI (0007000e00000fb9cc0201f703ecfbbecfb0cefbbf)
	TDO (0007000e00000fb9cc0201f703ecfbbecfb0cefbbf)
	MASK (3fffffffffffffffffffffffffffffffffffffffff);
SIR 10 TDI (2a1);
SDR 11 TDI (019);
SIR 10 TDI (28c);
STATE IDLE;
RUNTEST 20001E-6 SEC;
SIR 10 TDI (290);
SDR 166 TDI (0007000e00000fb9cc0201f703ecfbbecfb0cefbbf)
	TDO (0007000e00000fb9cc0201f703ecfbbecfb0cefbbf)
	MASK (3fffffffffffffffffffffffffffffffffffffffff);
SIR 10 TDI (2a1);
SDR 11 TDI (01a);
SIR 10 TDI (28c);
STATE IDLE;
RUNTEST 20001E-6 SEC;
SIR 10 TDI (290);
SDR 166 TDI (0007000e00000fb9cc0201f703ecfbbecfb0cefbbf)
	TDO (0007000e00000fb9cc0201f703ecfbbecfb0cefbbf)
	MASK (3fffffffffffffffffffffffffffffffffffffffff);
SIR 10 TDI (2a1);
SDR 11 TDI (01b);
SIR 10 TDI (28c);
STATE IDLE;
RUNTEST 20001E-6 SEC;
SIR 10 TDI (290);
SDR 166 TDI (0007000e00000fb9cc0201f703ecfbbecfb0cefbbf)
	TDO (0007000e00000fb9cc0201f703ecfbbecfb0cefbbf)
	MASK (3fffffffffffffffffffffffffffffffffffffffff);
SIR 10 TDI (2a1);
SDR 11 TDI (01c);
SIR 10 TDI (28c);
STATE IDLE;
RUNTEST 20001E-6 SEC;
SIR 10 TDI (290);
SDR 166 TDI (0007000e000007b9c80201f703ec739ccf30cecbbf)
	TDO (0007000e000007b9c80201f703ec739ccf30cecbbf)
	MASK (3fffffffffffffffffffffffffffffffffffffffff);
SIR 10 TDI (2a1);
SDR 11 TDI (01d);
SIR 10 TDI (28c);
STATE IDLE;
RUNTEST 20001E-6 SEC;
SIR 10 TDI (290);
SDR 166 TDI (0007000e00000f39c40000f703208bbec680ce3bbf)
	TDO (0007000e00000f39c40000f703208bbec680ce3bbf)
	MASK (3fffffffffffffffffffffffffffffffffffffffff);
SIR 10 TDI (2a1);
SDR 11 TDI (01e);
SIR 10 TDI (28c);
STATE IDLE;
RUNTEST 20001E-6 SEC;
SIR 10 TDI (290);
SDR 166 TDI (0007000e000003b98c0201f701ecfb9ecdb0ce0bbf)
	TDO (0007000e000003b98c0201f701ecfb9ecdb0ce0bbf)
	MASK (3fffffffffffffffffffffffffffffffffffffffff);
SIR 10 TDI (2a1);
SDR 11 TDI (01f);
SIR 10 TDI (28c);
STATE IDLE;
RUNTEST 20001E-6 SEC;
SIR 10 TDI (290);
SDR 166 TDI (0007000e00000fb9cc0201f703ecfbbecfb0cefbbf)
	TDO (0007000e00000fb9cc0201f703ecfbbecfb0cefbbf)
	MASK (3fffffffffffffffffffffffffffffffffffffffff);
SIR 10 TDI (2a1);
SDR 11 TDI (020);
SIR 10 TDI (28c);
STATE IDLE;
RUNTEST 20001E-6 SEC;
SIR 10 TDI (290);
SDR 166 TDI (0007000e000007b9cc0201e7036cbbbec530ce7bbf)
	TDO (0007000e000007b9cc0201e7036cbbbec530ce7bbf)
	MASK (3fffffffffffffffffffffffffffffffffffffffff);
SIR 10 TDI (2a1);
SDR 11 TDI (021);
SIR 10 TDI (28c);
STATE IDLE;
RUNTEST 20001E-6 SEC;
SIR 10 TDI (290);
SDR 166 TDI (0007000e00000d39c000011703ccf3b00e80cedbbf)
	TDO (0007000e00000d39c000011703ccf3b00e80cedbbf)
	MASK (3fffffffffffffffffffffffffffffffffffffffff);
SIR 10 TDI (2a1);
SDR 11 TDI (022);
SIR 10 TDI (28c);
STATE IDLE;
RUNTEST 20001E-6 SEC;
SIR 10 TDI (290);
SDR 166 TDI (0007000e00000fb9cc0201f703ecfbbecfb0cefbbf)
	TDO (0007000e00000fb9cc0201f703ecfbbecfb0cefbbf)
	MASK (3fffffffffffffffffffffffffffffffffffffffff);
SIR 10 TDI (2a1);
SDR 11 TDI (023);
SIR 10 TDI (28c);
STATE IDLE;
RUNTEST 20001E-6 SEC;
SIR 10 TDI (290);
SDR 166 TDI (0007000e00000fb9cc0201f703ecfbbecfb0cefbbf)
	TDO (0007000e00000fb9cc0201f703ecfbbecfb0cefbbf)
	MASK (3fffffffffffffffffffffffffffffffffffffffff);
SIR 10 TDI (2a1);
SDR 11 TDI (024);
SIR 10 TDI (28c);
STATE IDLE;
RUNTEST 20001E-6 SEC;
SIR 10 TDI (290);
SDR 166 TDI (0007000e00000bb9cc0201f701ecfb9ecdb0cef3bf)
	TDO (0007000e00000bb9cc0201f701ecfb9ecdb0cef3bf)
	MASK (3fffffffffffffffffffffffffffffffffffffffff);
SIR 10 TDI (2a1);
SDR 11 TDI (025);
SIR 10 TDI (28c);
STATE IDLE;
RUNTEST 20001E-6 SEC;
SIR 10 TDI (290);
SDR 166 TDI (0007000e000007b9cc0201f703ecfbbecfb0cefbbf)
	TDO (0007000e000007b9cc0201f703ecfbbecfb0cefbbf)
	MASK (3fffffffffffffffffffffffffffffffffffffffff);
SIR 10 TDI (2a1);
SDR 11 TDI (026);
SIR 10 TDI (28c);
STATE IDLE;
RUNTEST 20001E-6 SEC;
SIR 10 TDI (290);
SDR 166 TDI (0007000e00000bb9cc0201f703ecfbbecfb0c6fbbf)
	TDO (0007000e00000bb9cc0201f703ecfbbecfb0c6fbbf)
	MASK (3fffffffffffffffffffffffffffffffffffffffff);
SIR 10 TDI (2a1);
SDR 11 TDI (027);
SIR 10 TDI (28c);
STATE IDLE;
RUNTEST 20001E-6 SEC;
SIR 10 TDI (290);
SDR 166 TDI (0007000e000007b9cc0201f703ecfbbecfb08cfbbf)
	TDO (0007000e000007b9cc0201f703ecfbbecfb08cfbbf)
	MASK (3fffffffffffffffffffffffffffffffffffffffff);
SIR 10 TDI (2a1);
SDR 11 TDI (028);
SIR 10 TDI (28c);
STATE IDLE;
RUNTEST 20001E-6 SEC;
SIR 10 TDI (290);
SDR 166 TDI (0007000e00000fb9cc0201f703e8fbbe8eb0cefbbf)
	TDO (0007000e00000fb9cc0201f703e8fbbe8eb0cefbbf)
	MASK (3fffffffffffffffffffffffffffffffffffffffff);
SIR 10 TDI (2a1);
SDR 11 TDI (029);
SIR 10 TDI (28c);
STATE IDLE;
RUNTEST 20001E-6 SEC;
SIR 10 TDI (290);
SDR 166 TDI (00060006000001198c02000601ec019ecdb0ce09bf)
	TDO (00060006000001198c02000601ec019ecdb0ce09bf)
	MASK (3fffffffffffffffffffffffffffffffffffffffff);
SIR 10 TDI (2a1);
SDR 11 TDI (02a);
SIR 10 TDI (28c);
STATE IDLE;
RUNTEST 20001E-6 SEC;
SIR 10 TDI (290);
SDR 166 TDI (0007000e00000eb9cc0201f503ecfbbecfb0cefbbf)
	TDO (0007000e00000eb9cc0201f503ecfbbecfb0cefbbf)
	MASK (3fffffffffffffffffffffffffffffffffffffffff);
SIR 10 TDI (2a1);
SDR 11 TDI (02b);
SIR 10 TDI (28c);
STATE IDLE;
RUNTEST 20001E-6 SEC;
SIR 10 TDI (290);
SDR 166 TDI (0007000e00000939c00001f703ecfbbecfb0cefbbf)
	TDO (0007000e00000939c00001f703ecfbbecfb0cefbbf)
	MASK (3fffffffffffffffffffffffffffffffffffffffff);
SIR 10 TDI (2a1);
SDR 11 TDI (02c);
SIR 10 TDI (28c);
STATE IDLE;
RUNTEST 20001E-6 SEC;
SIR 10 TDI (290);
SDR 166 TDI (0007000e00000fb9cc0201f703ecfbbecfb0cefbbf)
	TDO (0007000e00000fb9cc0201f703ecfbbecfb0cefbbf)
	MASK (3fffffffffffffffffffffffffffffffffffffffff);
SIR 10 TDI (2a1);
SDR 11 TDI (02d);
SIR 10 TDI (28c);
STATE IDLE;
RUNTEST 20001E-6 SEC;
SIR 10 TDI (290);
SDR 166 TDI (0007000e00000fb9cc0201f703ecfbbecfb0cefbbf)
	TDO (0007000e00000fb9cc0201f703ecfbbecfb0cefbbf)
	MASK (3fffffffffffffffffffffffffffffffffffffffff);
SIR 10 TDI (2a1);
SDR 11 TDI (02e);
SIR 10 TDI (28c);
STATE IDLE;
RUNTEST 20001E-6 SEC;
SIR 10 TDI (290);
SDR 166 TDI (0007000e00000399cc0201f701ecfb9ecdb0cefbbf)
	TDO (0007000e00000399cc0201f701ecfb9ecdb0cefbbf)
	MASK (3fffffffffffffffffffffffffffffffffffffffff);
SIR 10 TDI (2a1);
SDR 11 TDI (02f);
SIR 10 TDI (28c);
STATE IDLE;
RUNTEST 20001E-6 SEC;
SIR 10 TDI (290);
SDR 166 TDI (0007000e00000fb9cc0201f703ecfbbecfb0cefbbf)
	TDO (0007000e00000fb9cc0201f703ecfbbecfb0cefbbf)
	MASK (3fffffffffffffffffffffffffffffffffffffffff);
SIR 10 TDI (2a1);
SDR 11 TDI (030);
SIR 10 TDI (28c);
STATE IDLE;
RUNTEST 20001E-6 SEC;
SIR 10 TDI (290);
SDR 166 TDI (0007000600000fb9cc0201f701ecfb9acd90cefbbf)
	TDO (0007000600000fb9cc0201f701ecfb9acd90cefbbf)
	MASK (3fffffffffffffffffffffffffffffffffffffffff);
SIR 10 TDI (2a1);
SDR 11 TDI (031);
SIR 10 TDI (28c);
STATE IDLE;
RUNTEST 20001E-6 SEC;
SIR 10 TDI (290);
SDR 166 TDI (0007000e00000139cc0201f703e4fbbe4fb0cefbbf)
	TDO (0007000e00000139cc0201f703e4fbbe4fb0cefbbf)
	MASK (3fffffffffffffffffffffffffffffffffffffffff);
SIR 10 TDI (2a1);
SDR 11 TDI (032);
SIR 10 TDI (28c);
STATE IDLE;
RUNTEST 20001E-6 SEC;
SIR 10 TDI (290);
SDR 166 TDI (0006000e00000fb9cc0201f703ecfbbecfb0cef3bf)
	TDO (0006000e00000fb9cc0201f703ecfbbecfb0cef3bf)
	MASK (3fffffffffffffffffffffffffffffffffffffffff);
SIR 10 TDI (2a1);
SDR 11 TDI (033);
SIR 10 TDI (28c);
STATE IDLE;
RUNTEST 20001E-6 SEC;
SIR 10 TDI (290);
SDR 166 TDI (0007000e000003b9cc0200f7010003900400ce0bbf)
	TDO (0007000e000003b9cc0200f7010003900400ce0bbf)
	MASK (3fffffffffffffffffffffffffffffffffffffffff);
SIR 10 TDI (2a1);
SDR 11 TDI (034);
SIR 10 TDI (28c);
STATE IDLE;
RUNTEST 20001E-6 SEC;
SIR 10 TDI (290);
SDR 166 TDI (0007000e00000fb94c0201f703ecfbbecfb04efbbf)
	TDO (0007000e00000fb94c0201f703ecfbbecfb04efbbf)
	MASK (3fffffffffffffffffffffffffffffffffffffffff);
SIR 10 TDI (2a1);
SDR 11 TDI (035);
SIR 10 TDI (28c);
STATE IDLE;
RUNTEST 20001E-6 SEC;
SIR 10 TDI (290);
SDR 166 TDI (0007000e00000fb9cc0201f703ecfbbecfb0cefbbf)
	TDO (0007000e00000fb9cc0201f703ecfbbecfb0cefbbf)
	MASK (3fffffffffffffffffffffffffffffffffffffffff);
SIR 10 TDI (2a1);
SDR 11 TDI (036);
SIR 10 TDI (28c);
STATE IDLE;
RUNTEST 20001E-6 SEC;
SIR 10 TDI (290);
SDR 166 TDI (0007000a00000fb9cc0201f703ecfbbecfb0cefbbf)
	TDO (0007000a00000fb9cc0201f703ecfbbecfb0cefbbf)
	MASK (3fffffffffffffffffffffffffffffffffffffffff);
SIR 10 TDI (2a1);
SDR 11 TDI (037);
SIR 10 TDI (28c);
STATE IDLE;
RUNTEST 20001E-6 SEC;
SIR 10 TDI (290);
SDR 166 TDI (0007000e00000fb9cc0201f701ecfb9ecdb0cefbbf)
	TDO (0007000e00000fb9cc0201f701ecfb9ecdb0cefbbf)
	MASK (3fffffffffffffffffffffffffffffffffffffffff);
SIR 10 TDI (2a1);
SDR 11 TDI (038);
SIR 10 TDI (28c);
STATE IDLE;
RUNTEST 20001E-6 SEC;
SIR 10 TDI (290);
SDR 166 TDI (0005000a00000fa94c0201f503ecfabecfb0cefabf)
	TDO (0005000a00000fa94c0201f503ecfabecfb0cefabf)
	MASK (3fffffffffffffffffffffffffffffffffffffffff);
SIR 10 TDI (2a1);
SDR 11 TDI (039);
SIR 10 TDI (28c);
STATE IDLE;
RUNTEST 20001E-6 SEC;
SIR 10 TDI (290);
SDR 166 TDI (0006000600000f998c0201f603ecf9becfb0cef9bf)
	TDO (0006000600000f998c0201f603ecf9becfb0cef9bf)
	MASK (3fffffffffffffffffffffffffffffffffffffffff);
SIR 10 TDI (2a1);
SDR 11 TDI (03a);
SIR 10 TDI (28c);
STATE IDLE;
RUNTEST 20001E-6 SEC;
SIR 10 TDI (290);
SDR 166 TDI (0007000e00000fb9cc0201f703ecfbbecfb006fbbf)
	TDO (0007000e00000fb9cc0201f703ecfbbecfb006fbbf)
	MASK (3fffffffffffffffffffffffffffffffffffffffff);
SIR 10 TDI (2a1);
SDR 11 TDI (03b);
SIR 10 TDI (28c);
STATE IDLE;
RUNTEST 20001E-6 SEC;
SIR 10 TDI (290);
SDR 166 TDI (0007000e00000fb9cc0201f703ecfbbecfb0cafbbf)
	TDO (0007000e00000fb9cc0201f703ecfbbecfb0cafbbf)
	MASK (3fffffffffffffffffffffffffffffffffffffffff);
SIR 10 TDI (2a1);
SDR 11 TDI (03c);
SIR 10 TDI (28c);
STATE IDLE;
RUNTEST 20001E-6 SEC;
SIR 10 TDI (290);
SDR 166 TDI (0007000e00000fb9cc0201f603ecfbbecfb0cefbbf)
	TDO (0007000e00000fb9cc0201f603ecfbbecfb0cefbbf)
	MASK (3fffffffffffffffffffffffffffffffffffffffff);
SIR 10 TDI (2a1);
SDR 11 TDI (03d);
SIR 10 TDI (28c);
STATE IDLE;
RUNTEST 20001E-6 SEC;
SIR 10 TDI (290);
SDR 166 TDI (0007000e000003b9cc0201f701ecfb9ecdb0cefbbf)
	TDO (0007000e000003b9cc0201f701ecfb9ecdb0cefbbf)
	MASK (3fffffffffffffffffffffffffffffffffffffffff);
SIR 10 TDI (2a1);
SDR 11 TDI (03e);
SIR 10 TDI (28c);
STATE IDLE;
RUNTEST 20001E-6 SEC;
SIR 10 TDI (290);
SDR 166 TDI (0007000e00000fb9cc0201f701ecfb9ecdb0cefbbf)
	TDO (0007000e00000fb9cc0201f701ecfb9ecdb0cefbbf)
	MASK (3fffffffffffffffffffffffffffffffffffffffff);
SIR 10 TDI (2a1);
SDR 11 TDI (03f);
SIR 10 TDI (28c);
STATE IDLE;
RUNTEST 20001E-6 SEC;
SIR 10 TDI (290);
SDR 166 TDI (0007000e00000fb9cc0201f703ecfbbecfb0cefbbf)
	TDO (0007000e00000fb9cc0201f703ecfbbecfb0cefbbf)
	MASK (3fffffffffffffffffffffffffffffffffffffffff);
SIR 10 TDI (2a1);
SDR 11 TDI (040);
SIR 10 TDI (28c);
STATE IDLE;
RUNTEST 20001E-6 SEC;
SIR 10 TDI (290);
SDR 166 TDI (0007000e00000fb9cc0201f703ecfbbecfb0cefbbf)
	TDO (0007000e00000fb9cc0201f703ecfbbecfb0cefbbf)
	MASK (3fffffffffffffffffffffffffffffffffffffffff);
SIR 10 TDI (2a1);
SDR 11 TDI (041);
SIR 10 TDI (28c);
STATE IDLE;
RUNTEST 20001E-6 SEC;
SIR 10 TDI (290);
SDR 166 TDI (0007000e00000fb9cc0201f703ecfbbecfb0cefbbf)
	TDO (0007000e00000fb9cc0201f703ecfbbecfb0cefbbf)
	MASK (3fffffffffffffffffffffffffffffffffffffffff);
SIR 10 TDI (2a1);
SDR 11 TDI (042);
SIR 10 TDI (28c);
STATE IDLE;
RUNTEST 20001E-6 SEC;
SIR 10 TDI (290);
SDR 166 TDI (0007000e00000fb9cc0201f703ecfbbecfb0cefbbf)
	TDO (0007000e00000fb9cc0201f703ecfbbecfb0cefbbf)
	MASK (3fffffffffffffffffffffffffffffffffffffffff);
SIR 10 TDI (2a1);
SDR 11 TDI (043);
SIR 10 TDI (28c);
STATE IDLE;
RUNTEST 20001E-6 SEC;
SIR 10 TDI (290);
SDR 166 TDI (0007000e00000fb9cc0201f703ecfbbecfb0cefbbf)
	TDO (0007000e00000fb9cc0201f703ecfbbecfb0cefbbf)
	MASK (3fffffffffffffffffffffffffffffffffffffffff);
SIR 10 TDI (2a1);
SDR 11 TDI (044);
SIR 10 TDI (28c);
STATE IDLE;
RUNTEST 20001E-6 SEC;
SIR 10 TDI (290);
SDR 166 TDI (0007000e00000fb9cc0201f703ecfbbecfb0cefbbf)
	TDO (0007000e00000fb9cc0201f703ecfbbecfb0cefbbf)
	MASK (3fffffffffffffffffffffffffffffffffffffffff);
SIR 10 TDI (2a1);
SDR 11 TDI (045);
SIR 10 TDI (28c);
STATE IDLE;
RUNTEST 20001E-6 SEC;
SIR 10 TDI (290);
SDR 166 TDI (0007000e00000fb9cc0201f703ecfbbecfb0cefbbf)
	TDO (0007000e00000fb9cc0201f703ecfbbecfb0cefbbf)
	MASK (3fffffffffffffffffffffffffffffffffffffffff);
SIR 10 TDI (2a1);
SDR 11 TDI (046);
SIR 10 TDI (28c);
STATE IDLE;
RUNTEST 20001E-6 SEC;
SIR 10 TDI (290);
SDR 166 TDI (0007000e00000fb9cc0201f703ecfabecfb0cefbbf)
	TDO (0007000e00000fb9cc0201f703ecfabecfb0cefbbf)
	MASK (3fffffffffffffffffffffffffffffffffffffffff);
SIR 10 TDI (2a1);
SDR 11 TDI (047);
SIR 10 TDI (28c);
STATE IDLE;
RUNTEST 20001E-6 SEC;
SIR 10 TDI (290);
SDR 166 TDI (0007000e00000fb9cc0201f703ecfbbecfb0cefbbf)
	TDO (0007000e00000fb9cc0201f703ecfbbecfb0cefbbf)
	MASK (3fffffffffffffffffffffffffffffffffffffffff);
SIR 10 TDI (2a1);
SDR 11 TDI (048);
SIR 10 TDI (28c);
STATE IDLE;
RUNTEST 20001E-6 SEC;
SIR 10 TDI (290);
SDR 166 TDI (0007000e00000fb9cc0201f703ecfbbecfb0cefbbf)
	TDO (0007000e00000fb9cc0201f703ecfbbecfb0cefbbf)
	MASK (3fffffffffffffffffffffffffffffffffffffffff);
SIR 10 TDI (2a1);
SDR 11 TDI (049);
SIR 10 TDI (28c);
STATE IDLE;
RUNTEST 20001E-6 SEC;
SIR 10 TDI (290);
SDR 166 TDI (0003000c00000fb0cc0201f703ecfbbecfb0cefbbf)
	TDO (0003000c00000fb0cc0201f703ecfbbecfb0cefbbf)
	MASK (3fffffffffffffffffffffffffffffffffffffffff);
SIR 10 TDI (2a1);
SDR 11 TDI (04a);
SIR 10 TDI (28c);
STATE IDLE;
RUNTEST 20001E-6 SEC;
SIR 10 TDI (290);
SDR 166 TDI (0007000e00000fb9cc0201f703ecfbbecfb0cefbbf)
	TDO (0007000e00000fb9cc0201f703ecfbbecfb0cefbbf)
	MASK (3fffffffffffffffffffffffffffffffffffffffff);
SIR 10 TDI (2a1);
SDR 11 TDI (04b);
SIR 10 TDI (28c);
STATE IDLE;
RUNTEST 20001E-6 SEC;
SIR 10 TDI (290);
SDR 166 TDI (0007000e00000fb9cc0201f703ecfbbecfb0cefbbf)
	TDO (0007000e00000fb9cc0201f703ecfbbecfb0cefbbf)
	MASK (3fffffffffffffffffffffffffffffffffffffffff);
SIR 10 TDI (2a1);
SDR 11 TDI (04c);
SIR 10 TDI (28c);
STATE IDLE;
RUNTEST 20001E-6 SEC;
SIR 10 TDI (290);
SDR 166 TDI (0007000e00000fb9cc0201f703ecfbbecfb0cefbbf)
	TDO (0007000e00000fb9cc0201f703ecfbbecfb0cefbbf)
	MASK (3fffffffffffffffffffffffffffffffffffffffff);
SIR 10 TDI (2a1);
SDR 11 TDI (04d);
SIR 10 TDI (28c);
STATE IDLE;
RUNTEST 20001E-6 SEC;
SIR 10 TDI (290);
SDR 166 TDI (0007000e00000fb9cc0201f703ecfbbecfb0cefbbf)
	TDO (0007000e00000fb9cc0201f703ecfbbecfb0cefbbf)
	MASK (3fffffffffffffffffffffffffffffffffffffffff);
SIR 10 TDI (2a1);
SDR 11 TDI (04e);
SIR 10 TDI (28c);
STATE IDLE;
RUNTEST 20001E-6 SEC;
SIR 10 TDI (290);
SDR 166 TDI (0007000e000007b9c80201f703ecfbbecfb0c6fbbf)
	TDO (0007000e000007b9c80201f703ecfbbecfb0c6fbbf)
	MASK (3fffffffffffffffffffffffffffffffffffffffff);
SIR 10 TDI (2a1);
SDR 11 TDI (04f);
SIR 10 TDI (28c);
STATE IDLE;
RUNTEST 20001E-6 SEC;
SIR 10 TDI (290);
SDR 166 TDI (0007000e00000f39c40001f703ecfbbecfb0cefbbf)
	TDO (0007000e00000f39c40001f703ecfbbecfb0cefbbf)
	MASK (3fffffffffffffffffffffffffffffffffffffffff);
SIR 10 TDI (2a1);
SDR 11 TDI (050);
SIR 10 TDI (28c);
STATE IDLE;
RUNTEST 20001E-6 SEC;
SIR 10 TDI (290);
SDR 166 TDI (0007000e00000fb9cc0201f703ecfbbecfb0cefbbf)
	TDO (0007000e00000fb9cc0201f703ecfbbecfb0cefbbf)
	MASK (3fffffffffffffffffffffffffffffffffffffffff);
SIR 10 TDI (2a1);
SDR 11 TDI (051);
SIR 10 TDI (28c);
STATE IDLE;
RUNTEST 20001E-6 SEC;
SIR 10 TDI (290);
SDR 166 TDI (0007000e00000fb9cc0201f703ecfbbecfb0c8fbbf)
	TDO (0007000e00000fb9cc0201f703ecfbbecfb0c8fbbf)
	MASK (3fffffffffffffffffffffffffffffffffffffffff);
SIR 10 TDI (2a1);
SDR 11 TDI (052);
SIR 10 TDI (28c);
STATE IDLE;
RUNTEST 20001E-6 SEC;
SIR 10 TDI (290);
SDR 166 TDI (0005000e00000fb9cc0201f703ecfbbecfb0cefbbf)
	TDO (0005000e00000fb9cc0201f703ecfbbecfb0cefbbf)
	MASK (3fffffffffffffffffffffffffffffffffffffffff);
SIR 10 TDI (2a1);
SDR 11 TDI (053);
SIR 10 TDI (28c);
STATE IDLE;
RUNTEST 20001E-6 SEC;
SIR 10 TDI (290);
SDR 166 TDI (0007000e00000fb9cc0201f703ecfbbecfb0cefbbf)
	TDO (0007000e00000fb9cc0201f703ecfbbecfb0cefbbf)
	MASK (3fffffffffffffffffffffffffffffffffffffffff);
SIR 10 TDI (2a1);
SDR 11 TDI (054);
SIR 10 TDI (28c);
STATE IDLE;
RUNTEST 20001E-6 SEC;
SIR 10 TDI (290);
SDR 166 TDI (0007000e00000fa9cc0201f703ecfbbecfb0cefabf)
	TDO (0007000e00000fa9cc0201f703ecfbbecfb0cefabf)
	MASK (3fffffffffffffffffffffffffffffffffffffffff);
SIR 10 TDI (2a1);
SDR 11 TDI (055);
SIR 10 TDI (28c);
STATE IDLE;
RUNTEST 20001E-6 SEC;
SIR 10 TDI (290);
SDR 166 TDI (0007000e00000fb9cc0201f703ecfbbecfb0cefbbf)
	TDO (0007000e00000fb9cc0201f703ecfbbecfb0cefbbf)
	MASK (3fffffffffffffffffffffffffffffffffffffffff);
SIR 10 TDI (2a1);
SDR 11 TDI (056);
SIR 10 TDI (28c);
STATE IDLE;
RUNTEST 20001E-6 SEC;
SIR 10 TDI (290);
SDR 166 TDI (0007000e00000fb9cc0201d701ccdb9ec5b0cebbbf)
	TDO (0007000e00000fb9cc0201d701ccdb9ec5b0cebbbf)
	MASK (3fffffffffffffffffffffffffffffffffffffffff);
SIR 10 TDI (2a1);
SDR 11 TDI (057);
SIR 10 TDI (28c);
STATE IDLE;
RUNTEST 20001E-6 SEC;
SIR 10 TDI (290);
SDR 166 TDI (0007000e00000fb9cc0201e703ec7bb20e00ceebbf)
	TDO (0007000e00000fb9cc0201e703ec7bb20e00ceebbf)
	MASK (3fffffffffffffffffffffffffffffffffffffffff);
SIR 10 TDI (2a1);
SDR 11 TDI (058);
SIR 10 TDI (28c);
STATE IDLE;
RUNTEST 20001E-6 SEC;
SIR 10 TDI (290);
SDR 166 TDI (0007000e00000d39cc0201f703ecfbbecfb0cefbbf)
	TDO (0007000e00000d39cc0201f703ecfbbecfb0cefbbf)
	MASK (3fffffffffffffffffffffffffffffffffffffffff);
SIR 10 TDI (2a1);
SDR 11 TDI (059);
SIR 10 TDI (28c);
STATE IDLE;
RUNTEST 20001E-6 SEC;
SIR 10 TDI (290);
SDR 166 TDI (0007000e00000fb9cc0201f703ecfbbecfb0cefbbf)
	TDO (0007000e00000fb9cc0201f703ecfbbecfb0cefbbf)
	MASK (3fffffffffffffffffffffffffffffffffffffffff);
SIR 10 TDI (2a1);
SDR 11 TDI (05a);
SIR 10 TDI (28c);
STATE IDLE;
RUNTEST 20001E-6 SEC;
SIR 10 TDI (290);
SDR 166 TDI (0007000e000009b9cc02000701ec019ecdb0cefbbf)
	TDO (0007000e000009b9cc02000701ec019ecdb0cefbbf)
	MASK (3fffffffffffffffffffffffffffffffffffffffff);
SIR 10 TDI (2a1);
SDR 11 TDI (05b);
SIR 10 TDI (28c);
STATE IDLE;
RUNTEST 20001E-6 SEC;
SIR 10 TDI (290);
SDR 166 TDI (0007000e000007b9cc0201f703ecfbbecfb0cefbbf)
	TDO (0007000e000007b9cc0201f703ecfbbecfb0cefbbf)
	MASK (3fffffffffffffffffffffffffffffffffffffffff);
SIR 10 TDI (2a1);
SDR 11 TDI (05c);
SIR 10 TDI (28c);
STATE IDLE;
RUNTEST 20001E-6 SEC;
SIR 10 TDI (290);
SDR 166 TDI (0007000e00000fb9c40001f703ecfbbecfb0cefbbf)
	TDO (0007000e00000fb9c40001f703ecfbbecfb0cefbbf)
	MASK (3fffffffffffffffffffffffffffffffffffffffff);
SIR 10 TDI (2a1);
SDR 11 TDI (05d);
SIR 10 TDI (28c);
STATE IDLE;
RUNTEST 20001E-6 SEC;
SIR 10 TDI (290);
SDR 166 TDI (0007000e00000fb9cc0201f302ecfb2ecbb0cefb3f)
	TDO (0007000e00000fb9cc0201f302ecfb2ecbb0cefb3f)
	MASK (3fffffffffffffffffffffffffffffffffffffffff);
SIR 10 TDI (2a1);
SDR 11 TDI (05e);
SIR 10 TDI (28c);
STATE IDLE;
RUNTEST 20001E-6 SEC;
SIR 10 TDI (290);
SDR 166 TDI (0007000e00000fb9cc0201f703ecfbbecfb0cefbbf)
	TDO (0007000e00000fb9cc0201f703ecfbbecfb0cefbbf)
	MASK (3fffffffffffffffffffffffffffffffffffffffff);
SIR 10 TDI (2a1);
SDR 11 TDI (05f);
SIR 10 TDI (28c);
STATE IDLE;
RUNTEST 20001E-6 SEC;
SIR 10 TDI (290);
SDR 166 TDI (0007000e00000fb9c00001f703ecfbbecfb0cefbbf)
	TDO (0007000e00000fb9c00001f703ecfbbecfb0cefbbf)
	MASK (3fffffffffffffffffffffffffffffffffffffffff);
SIR 10 TDI (2a1);
SDR 11 TDI (060);
SIR 10 TDI (28c);
STATE IDLE;
RUNTEST 20001E-6 SEC;
SIR 10 TDI (290);
SDR 166 TDI (0007000e00000739cc0201f701acfb9acdb0cefbbf)
	TDO (0007000e00000739cc0201f701acfb9acdb0cefbbf)
	MASK (3fffffffffffffffffffffffffffffffffffffffff);
SIR 10 TDI (2a1);
SDR 11 TDI (061);
SIR 10 TDI (28c);
STATE IDLE;
RUNTEST 20001E-6 SEC;
SIR 10 TDI (290);
SDR 166 TDI (0007000e00000bb9cc02017703ecebbe4f80cefbbf)
	TDO (0007000e00000bb9cc02017703ecebbe4f80cefbbf)
	MASK (3fffffffffffffffffffffffffffffffffffffffff);
SIR 10 TDI (2a1);
SDR 11 TDI (062);
SIR 10 TDI (28c);
STATE IDLE;
RUNTEST 20001E-6 SEC;
SIR 10 TDI (290);
SDR 166 TDI (0007000e00000f39cc0201f701acfb96cdb0cef9bf)
	TDO (0007000e00000f39cc0201f701acfb96cdb0cef9bf)
	MASK (3fffffffffffffffffffffffffffffffffffffffff);
SIR 10 TDI (2a1);
SDR 11 TDI (063);
SIR 10 TDI (28c);
STATE IDLE;
RUNTEST 20001E-6 SEC;
SIR 10 TDI (290);
SDR 166 TDI (0007000e000003b9cc0200b703e4fbbecfa0cefbbf)
	TDO (0007000e000003b9cc0200b703e4fbbecfa0cefbbf)
	MASK (3fffffffffffffffffffffffffffffffffffffffff);
SIR 10 TDI (2a1);
SDR 11 TDI (064);
SIR 10 TDI (28c);
STATE IDLE;
RUNTEST 20001E-6 SEC;
SIR 10 TDI (290);
SDR 166 TDI (0007000e000006b9cc02010701ecfb9ecdb0cefbbf)
	TDO (0007000e000006b9cc02010701ecfb9ecdb0cefbbf)
	MASK (3fffffffffffffffffffffffffffffffffffffffff);
SIR 10 TDI (2a1);
SDR 11 TDI (065);
SIR 10 TDI (28c);
STATE IDLE;
RUNTEST 20001E-6 SEC;
SIR 10 TDI (290);
SDR 166 TDI (0007000e00000bb9cc0201f703ecfbbecfb0cefbbf)
	TDO (0007000e00000bb9cc0201f703ecfbbecfb0cefbbf)
	MASK (3fffffffffffffffffffffffffffffffffffffffff);
SIR 10 TDI (2a1);
SDR 11 TDI (066);
SIR 10 TDI (28c);
STATE IDLE;
RUNTEST 20001E-6 SEC;
SIR 10 TDI (290);
SDR 166 TDI (0007000e00000fb9cc0201f703ecfbbecfb0cefbbf)
	TDO (0007000e00000fb9cc0201f703ecfbbecfb0cefbbf)
	MASK (3fffffffffffffffffffffffffffffffffffffffff);
SIR 10 TDI (2a1);
SDR 11 TDI (067);
SIR 10 TDI (28c);
STATE IDLE;
RUNTEST 20001E-6 SEC;
SIR 10 TDI (290);
SDR 166 TDI (0007000e00000fb9cc0201f703ecfbbecfb0cefbbf)
	TDO (0007000e00000fb9cc0201f703ecfbbecfb0cefbbf)
	MASK (3fffffffffffffffffffffffffffffffffffffffff);
SIR 10 TDI (2a1);
SDR 11 TDI (068);
SIR 10 TDI (28c);
STATE IDLE;
RUNTEST 20001E-6 SEC;
SIR 10 TDI (290);
SDR 166 TDI (0007000e00000fb9cc0201f703ecfbbecfb0cefbbf)
	TDO (0007000e00000fb9cc0201f703ecfbbecfb0cefbbf)
	MASK (3fffffffffffffffffffffffffffffffffffffffff);
SIR 10 TDI (2a1);
SDR 11 TDI (069);
SIR 10 TDI (28c);
STATE IDLE;
RUNTEST 20001E-6 SEC;
SIR 10 TDI (290);
SDR 166 TDI (0007000e00000fb9cc0201f703ecfbbecfb0cefbbf)
	TDO (0007000e00000fb9cc0201f703ecfbbecfb0cefbbf)
	MASK (3fffffffffffffffffffffffffffffffffffffffff);
SIR 10 TDI (2a1);
SDR 11 TDI (06a);
SIR 10 TDI (28c);
STATE IDLE;
RUNTEST 20001E-6 SEC;
SIR 10 TDI (290);
SDR 166 TDI (0007000e00000fb9cc0201f703ecfbbecfb0cefbbf)
	TDO (0007000e00000fb9cc0201f703ecfbbecfb0cefbbf)
	MASK (3fffffffffffffffffffffffffffffffffffffffff);
SIR 10 TDI (2a1);
SDR 11 TDI (06b);
SIR 10 TDI (28c);
STATE IDLE;
RUNTEST 20001E-6 SEC;
SIR 10 TDI (290);
SDR 166 TDI (0007000e00000fb9cc0201f703ecfbbecfb0cefbbf)
	TDO (0007000e00000fb9cc0201f703ecfbbecfb0cefbbf)
	MASK (3fffffffffffffffffffffffffffffffffffffffff);
STATE IDLE;
SIR 10 TDI (2a1);
SDR 11 TDI (080);
SIR 10 TDI (28c);
STATE IDLE;
RUNTEST 20001E-6 SEC;
SIR 10 TDI (290);
SDR 166 TDI (3ffffc10fbfff7e97fffc0ffb800f7ddff3bc80e3f)
	TDO (3ffffc10fbfff7e97fffc0ffb800f7ddff3bc80e3f)
	MASK (3fffffffffffffffffffffffffffffffffffffffff);
SIR 10 TDI (2a1);
SDR 11 TDI (081);
SIR 10 TDI (28c);
STATE IDLE;
RUNTEST 20001E-6 SEC;
SIR 10 TDI (290);
SDR 166 TDI (3ffffc10ffbff7e97fffe0ffb800f7ddff39c88e3f)
	TDO (3ffffc10ffbff7e97fffe0ffb800f7ddff39c88e3f)
	MASK (3fffffffffffffffffffffffffffffffffffffffff);
SIR 10 TDI (2a1);
SDR 11 TDI (082);
SIR 10 TDI (28c);
STATE IDLE;
RUNTEST 20001E-6 SEC;
SIR 10 TDI (290);
SDR 166 TDI (3ffffc10fffff7e97fffe0ffb800f7ddff3bc88e3f)
	TDO (3ffffc10fffff7e97fffe0ffb800f7ddff3bc88e3f)
	MASK (3fffffffffffffffffffffffffffffffffffffffff);
SIR 10 TDI (2a1);
SDR 11 TDI (083);
SIR 10 TDI (28c);
STATE IDLE;
RUNTEST 20001E-6 SEC;
SIR 10 TDI (290);
SDR 166 TDI (3ffffc10fefff7e97fffe0ffb800f7ddff3bc88e3f)
	TDO (3ffffc10fefff7e97fffe0ffb800f7ddff3bc88e3f)
	MASK (3fffffffffffffffffffffffffffffffffffffffff);
SIR 10 TDI (2a1);
SDR 11 TDI (084);
SIR 10 TDI (28c);
STATE IDLE;
RUNTEST 20001E-6 SEC;
SIR 10 TDI (290);
SDR 166 TDI (3ffffc10fffff7e97ffee0ffb800f7ddff3bc88e3f)
	TDO (3ffffc10fffff7e97ffee0ffb800f7ddff3bc88e3f)
	MASK (3fffffffffffffffffffffffffffffffffffffffff);
SIR 10 TDI (2a1);
SDR 11 TDI (085);
SIR 10 TDI (28c);
STATE IDLE;
RUNTEST 20001E-6 SEC;
SIR 10 TDI (290);
SDR 166 TDI (3ffffc10fffff7c93fffe0ffb800f7ddff3bc88e3f)
	TDO (3ffffc10fffff7c93fffe0ffb800f7ddff3bc88e3f)
	MASK (3fffffffffffffffffffffffffffffffffffffffff);
SIR 10 TDI (2a1);
SDR 11 TDI (086);
SIR 10 TDI (28c);
STATE IDLE;
RUNTEST 20001E-6 SEC;
SIR 10 TDI (290);
SDR 166 TDI (3ffffc10fffff7e93fffe0ffb800f7ddff3bc88e3f)
	TDO (3ffffc10fffff7e93fffe0ffb800f7ddff3bc88e3f)
	MASK (3fffffffffffffffffffffffffffffffffffffffff);
SIR 10 TDI (2a1);
SDR 11 TDI (087);
SIR 10 TDI (28c);
STATE IDLE;
RUNTEST 20001E-6 SEC;
SIR 10 TDI (290);
SDR 166 TDI (3ffffc10fffff7e97fffe0ffb800f7ddff3bc88e3f)
	TDO (3ffffc10fffff7e97fffe0ffb800f7ddff3bc88e3f)
	MASK (3fffffffffffffffffffffffffffffffffffffffff);
SIR 10 TDI (2a1);
SDR 11 TDI (088);
SIR 10 TDI (28c);
STATE IDLE;
RUNTEST 20001E-6 SEC;
SIR 10 TDI (290);
SDR 166 TDI (3ffffc10fffff7e97fffe0ffb800f7ddff3bc88e3f)
	TDO (3ffffc10fffff7e97fffe0ffb800f7ddff3bc88e3f)
	MASK (3fffffffffffffffffffffffffffffffffffffffff);
SIR 10 TDI (2a1);
SDR 11 TDI (089);
SIR 10 TDI (28c);
STATE IDLE;
RUNTEST 20001E-6 SEC;
SIR 10 TDI (290);
SDR 166 TDI (3ffffc10fffff7e93fffe0ffb800f7ddff3bc88e3f)
	TDO (3ffffc10fffff7e93fffe0ffb800f7ddff3bc88e3f)
	MASK (3fffffffffffffffffffffffffffffffffffffffff);
SIR 10 TDI (2a1);
SDR 11 TDI (08a);
SIR 10 TDI (28c);
STATE IDLE;
RUNTEST 20001E-6 SEC;
SIR 10 TDI (290);
SDR 166 TDI (3ffffc10fffff7e97fffa0ffb800f7ddff3bc88e3f)
	TDO (3ffffc10fffff7e97fffa0ffb800f7ddff3bc88e3f)
	MASK (3fffffffffffffffffffffffffffffffffffffffff);
SIR 10 TDI (2a1);
SDR 11 TDI (08b);
SIR 10 TDI (28c);
STATE IDLE;
RUNTEST 20001E-6 SEC;
SIR 10 TDI (290);
SDR 166 TDI (3ffffc10fffff7e97fffe0ffb800f7ddff3bc88e3f)
	TDO (3ffffc10fffff7e97fffe0ffb800f7ddff3bc88e3f)
	MASK (3fffffffffffffffffffffffffffffffffffffffff);
SIR 10 TDI (2a1);
SDR 11 TDI (08c);
SIR 10 TDI (28c);
STATE IDLE;
RUNTEST 20001E-6 SEC;
SIR 10 TDI (290);
SDR 166 TDI (3ffffc10fffff7e97fffe0ffb800f7ddff3bc88e3f)
	TDO (3ffffc10fffff7e97fffe0ffb800f7ddff3bc88e3f)
	MASK (3fffffffffffffffffffffffffffffffffffffffff);
SIR 10 TDI (2a1);
SDR 11 TDI (08d);
SIR 10 TDI (28c);
STATE IDLE;
RUNTEST 20001E-6 SEC;
SIR 10 TDI (290);
SDR 166 TDI (3ffffc10fffff7e97fffe0ffb800f7ddff3bc88e3f)
	TDO (3ffffc10fffff7e97fffe0ffb800f7ddff3bc88e3f)
	MASK (3fffffffffffffffffffffffffffffffffffffffff);
SIR 10 TDI (2a1);
SDR 11 TDI (08e);
SIR 10 TDI (28c);
STATE IDLE;
RUNTEST 20001E-6 SEC;
SIR 10 TDI (290);
SDR 166 TDI (3ffffc10fffff7e93fffe0ffb800f7ddff3bc88e3f)
	TDO (3ffffc10fffff7e93fffe0ffb800f7ddff3bc88e3f)
	MASK (3fffffffffffffffffffffffffffffffffffffffff);
SIR 10 TDI (2a1);
SDR 11 TDI (08f);
SIR 10 TDI (28c);
STATE IDLE;
RUNTEST 20001E-6 SEC;
SIR 10 TDI (290);
SDR 166 TDI (3ffffc10fffff7e93fffe0ffb800f7ddff3bc88e3f)
	TDO (3ffffc10fffff7e93fffe0ffb800f7ddff3bc88e3f)
	MASK (3fffffffffffffffffffffffffffffffffffffffff);
SIR 10 TDI (2a1);
SDR 11 TDI (090);
SIR 10 TDI (28c);
STATE IDLE;
RUNTEST 20001E-6 SEC;
SIR 10 TDI (290);
SDR 166 TDI (33fffc10fbeff6697fbfe0ffa800f7dd7f3bc88e3f)
	TDO (33fffc10fbeff6697fbfe0ffa800f7dd7f3bc88e3f)
	MASK (3fffffffffffffffffffffffffffffffffffffffff);
SIR 10 TDI (2a1);
SDR 11 TDI (091);
SIR 10 TDI (28c);
STATE IDLE;
RUNTEST 20001E-6 SEC;
SIR 10 TDI (290);
SDR 166 TDI (1d2df8104efd27a97affa02f980045ddb43bc8863f)
	TDO (1d2df8104efd27a97affa02f980045ddb43bc8863f)
	MASK (3fffffffffffffffffffffffffffffffffffffffff);
SIR 10 TDI (2a1);
SDR 11 TDI (092);
SIR 10 TDI (28c);
STATE IDLE;
RUNTEST 20001E-6 SEC;
SIR 10 TDI (290);
SDR 166 TDI (3cff8010f7cef7697fffe0ffb800f7d9df3bc08c3f)
	TDO (3cff8010f7cef7697fffe0ffb800f7d9df3bc08c3f)
	MASK (3fffffffffffffffffffffffffffffffffffffffff);
SIR 10 TDI (2a1);
SDR 11 TDI (093);
SIR 10 TDI (28c);
STATE IDLE;
RUNTEST 20001E-6 SEC;
SIR 10 TDI (290);
SDR 166 TDI (3ffffc10fffff7e97fffe0ffb800f7cdff3bc88e3f)
	TDO (3ffffc10fffff7e97fffe0ffb800f7cdff3bc88e3f)
	MASK (3fffffffffffffffffffffffffffffffffffffffff);
SIR 10 TDI (2a1);
SDR 11 TDI (094);
SIR 10 TDI (28c);
STATE IDLE;
RUNTEST 20001E-6 SEC;
SIR 10 TDI (290);
SDR 166 TDI (23fffc10f7ebf7e977fbe0feb800f7ddbf3bc88e3f)
	TDO (23fffc10f7ebf7e977fbe0feb800f7ddbf3bc88e3f)
	MASK (3fffffffffffffffffffffffffffffffffffffffff);
SIR 10 TDI (2a1);
SDR 11 TDI (095);
SIR 10 TDI (28c);
STATE IDLE;
RUNTEST 20001E-6 SEC;
SIR 10 TDI (290);
SDR 166 TDI (1e27bc104fb426a95affa02f980045dc743bc8863f)
	TDO (1e27bc104fb426a95affa02f980045dc743bc8863f)
	MASK (3fffffffffffffffffffffffffffffffffffffffff);
SIR 10 TDI (2a1);
SDR 11 TDI (096);
SIR 10 TDI (28c);
STATE IDLE;
RUNTEST 20001E-6 SEC;
SIR 10 TDI (290);
SDR 166 TDI (3ffffc10fffff7e97fffe0af9800f7d9ff3bc88e3f)
	TDO (3ffffc10fffff7e97fffe0af9800f7d9ff3bc88e3f)
	MASK (3fffffffffffffffffffffffffffffffffffffffff);
SIR 10 TDI (2a1);
SDR 11 TDI (097);
SIR 10 TDI (28c);
STATE IDLE;
RUNTEST 20001E-6 SEC;
SIR 10 TDI (290);
SDR 166 TDI (3ffffc10fffff7c97fffe07fb800f7ddff3bc88e3f)
	TDO (3ffffc10fffff7c97fffe07fb800f7ddff3bc88e3f)
	MASK (3fffffffffffffffffffffffffffffffffffffffff);
SIR 10 TDI (2a1);
SDR 11 TDI (098);
SIR 10 TDI (28c);
STATE IDLE;
RUNTEST 20001E-6 SEC;
SIR 10 TDI (290);
SDR 166 TDI (3effbc10f7def7697fffe0ffb800f7ddff3bc88e3f)
	TDO (3effbc10f7def7697fffe0ffb800f7ddff3bc88e3f)
	MASK (3fffffffffffffffffffffffffffffffffffffffff);
SIR 10 TDI (2a1);
SDR 11 TDI (099);
SIR 10 TDI (28c);
STATE IDLE;
RUNTEST 20001E-6 SEC;
SIR 10 TDI (290);
SDR 166 TDI (3fffc410ffeff7e97fffe0ffb800f7ddff3bc88e3f)
	TDO (3fffc410ffeff7e97fffe0ffb800f7ddff3bc88e3f)
	MASK (3fffffffffffffffffffffffffffffffffffffffff);
SIR 10 TDI (2a1);
SDR 11 TDI (09a);
SIR 10 TDI (28c);
STATE IDLE;
RUNTEST 20001E-6 SEC;
SIR 10 TDI (290);
SDR 166 TDI (3ffefc10fffff7e97fffe0ff3800f7ddff3bc88e3f)
	TDO (3ffefc10fffff7e97fffe0ff3800f7ddff3bc88e3f)
	MASK (3fffffffffffffffffffffffffffffffffffffffff);
SIR 10 TDI (2a1);
SDR 11 TDI (09b);
SIR 10 TDI (28c);
STATE IDLE;
RUNTEST 20001E-6 SEC;
SIR 10 TDI (290);
SDR 166 TDI (37fffc10fffff7e97fffe0ffb800f7ddff3bc88e3f)
	TDO (37fffc10fffff7e97fffe0ffb800f7ddff3bc88e3f)
	MASK (3fffffffffffffffffffffffffffffffffffffffff);
SIR 10 TDI (2a1);
SDR 11 TDI (09c);
SIR 10 TDI (28c);
STATE IDLE;
RUNTEST 20001E-6 SEC;
SIR 10 TDI (290);
SDR 166 TDI (3feffc107fffe7e97fffe0efb800779df73bc88e3f)
	TDO (3feffc107fffe7e97fffe0efb800779df73bc88e3f)
	MASK (3fffffffffffffffffffffffffffffffffffffffff);
SIR 10 TDI (2a1);
SDR 11 TDI (09d);
SIR 10 TDI (28c);
STATE IDLE;
RUNTEST 20001E-6 SEC;
SIR 10 TDI (290);
SDR 166 TDI (3c7f8010e2807769720ea0748000e7ddfe19888e3f)
	TDO (3c7f8010e2807769720ea0748000e7ddfe19888e3f)
	MASK (3fffffffffffffffffffffffffffffffffffffffff);
SIR 10 TDI (2a1);
SDR 11 TDI (09e);
SIR 10 TDI (28c);
STATE IDLE;
RUNTEST 20001E-6 SEC;
SIR 10 TDI (290);
SDR 166 TDI (3ffffc105ffff7e97fffe0ffb800f7ddff3bc88c3f)
	TDO (3ffffc105ffff7e97fffe0ffb800f7ddff3bc88c3f)
	MASK (3fffffffffffffffffffffffffffffffffffffffff);
SIR 10 TDI (2a1);
SDR 11 TDI (09f);
SIR 10 TDI (28c);
STATE IDLE;
RUNTEST 20001E-6 SEC;
SIR 10 TDI (290);
SDR 166 TDI (3ffffc00effff7e97fffe0ffb800f7ddff3bc88e3f)
	TDO (3ffffc00effff7e97fffe0ffb800f7ddff3bc88e3f)
	MASK (3fffffffffffffffffffffffffffffffffffffffff);
SIR 10 TDI (2a1);
SDR 11 TDI (0a0);
SIR 10 TDI (28c);
STATE IDLE;
RUNTEST 20001E-6 SEC;
SIR 10 TDI (290);
SDR 166 TDI (3ffffc10fffff7e96fffe0ffb800f7ddff2bc88e3f)
	TDO (3ffffc10fffff7e96fffe0ffb800f7ddff2bc88e3f)
	MASK (3fffffffffffffffffffffffffffffffffffffffff);
SIR 10 TDI (2a1);
SDR 11 TDI (0a1);
SIR 10 TDI (28c);
STATE IDLE;
RUNTEST 20001E-6 SEC;
SIR 10 TDI (290);
SDR 166 TDI (3ffffc10fffff7e97fffe0ffb800f7ddff3bc88e3f)
	TDO (3ffffc10fffff7e97fffe0ffb800f7ddff3bc88e3f)
	MASK (3fffffffffffffffffffffffffffffffffffffffff);
SIR 10 TDI (2a1);
SDR 11 TDI (0a2);
SIR 10 TDI (28c);
STATE IDLE;
RUNTEST 20001E-6 SEC;
SIR 10 TDI (290);
SDR 166 TDI (3f7fc410ffcff769770fe0ffb800f7ddff3bc88a3f)
	TDO (3f7fc410ffcff769770fe0ffb800f7ddff3bc88a3f)
	MASK (3fffffffffffffffffffffffffffffffffffffffff);
SIR 10 TDI (2a1);
SDR 11 TDI (0a3);
SIR 10 TDI (28c);
STATE IDLE;
RUNTEST 20001E-6 SEC;
SIR 10 TDI (290);
SDR 166 TDI (3fbffc10fffff7e97fffe0ffb800f7ddff3bc88e3f)
	TDO (3fbffc10fffff7e97fffe0ffb800f7ddff3bc88e3f)
	MASK (3fffffffffffffffffffffffffffffffffffffffff);
SIR 10 TDI (2a1);
SDR 11 TDI (0a4);
SIR 10 TDI (28c);
STATE IDLE;
RUNTEST 20001E-6 SEC;
SIR 10 TDI (290);
SDR 166 TDI (3fffdc10ffeff7697effe074a000f7ddff3bc88e3f)
	TDO (3fffdc10ffeff7697effe074a000f7ddff3bc88e3f)
	MASK (3fffffffffffffffffffffffffffffffffffffffff);
SIR 10 TDI (2a1);
SDR 11 TDI (0a5);
SIR 10 TDI (28c);
STATE IDLE;
RUNTEST 20001E-6 SEC;
SIR 10 TDI (290);
SDR 166 TDI (3fffe400ffd5f7e97fffe0bf9800f5ddff3b888e3f)
	TDO (3fffe400ffd5f7e97fffe0bf9800f5ddff3b888e3f)
	MASK (3fffffffffffffffffffffffffffffffffffffffff);
SIR 10 TDI (2a1);
SDR 11 TDI (0a6);
SIR 10 TDI (28c);
STATE IDLE;
RUNTEST 20001E-6 SEC;
SIR 10 TDI (290);
SDR 166 TDI (3ffcfc10fdfff5e96ffde0ff3800f3dccf3b488e3f)
	TDO (3ffcfc10fdfff5e96ffde0ff3800f3dccf3b488e3f)
	MASK (3fffffffffffffffffffffffffffffffffffffffff);
SIR 10 TDI (2a1);
SDR 11 TDI (0a7);
SIR 10 TDI (28c);
STATE IDLE;
RUNTEST 20001E-6 SEC;
SIR 10 TDI (290);
SDR 166 TDI (0d2fc0104ad526e9720ea0248000449df439888e3f)
	TDO (0d2fc0104ad526e9720ea0248000449df439888e3f)
	MASK (3fffffffffffffffffffffffffffffffffffffffff);
SIR 10 TDI (2a1);
SDR 11 TDI (0a8);
SIR 10 TDI (28c);
STATE IDLE;
RUNTEST 20001E-6 SEC;
SIR 10 TDI (290);
SDR 166 TDI (3ffffc10fffff7e97fffe0ffb800f7ddf53bc88e3f)
	TDO (3ffffc10fffff7e97fffe0ffb800f7ddf53bc88e3f)
	MASK (3fffffffffffffffffffffffffffffffffffffffff);
SIR 10 TDI (2a1);
SDR 11 TDI (0a9);
SIR 10 TDI (28c);
STATE IDLE;
RUNTEST 20001E-6 SEC;
SIR 10 TDI (290);
SDR 166 TDI (3ffffc10fffff7e97fffe0ffb800f5ddfe3bc88e3f)
	TDO (3ffffc10fffff7e97fffe0ffb800f5ddfe3bc88e3f)
	MASK (3fffffffffffffffffffffffffffffffffffffffff);
SIR 10 TDI (2a1);
SDR 11 TDI (0aa);
SIR 10 TDI (28c);
STATE IDLE;
RUNTEST 20001E-6 SEC;
SIR 10 TDI (290);
SDR 166 TDI (3fffdc10fdabf7e97fffe0ffb800f7ddff3bc88e3f)
	TDO (3fffdc10fdabf7e97fffe0ffb800f7ddff3bc88e3f)
	MASK (3fffffffffffffffffffffffffffffffffffffffff);
SIR 10 TDI (2a1);
SDR 11 TDI (0ab);
SIR 10 TDI (28c);
STATE IDLE;
RUNTEST 20001E-6 SEC;
SIR 10 TDI (290);
SDR 166 TDI (3fffe410ffdff7697fffe0ffb800f7ddff3bc88e3f)
	TDO (3fffe410ffdff7697fffe0ffb800f7ddff3bc88e3f)
	MASK (3fffffffffffffffffffffffffffffffffffffffff);
SIR 10 TDI (2a1);
SDR 11 TDI (0ac);
SIR 10 TDI (28c);
STATE IDLE;
RUNTEST 20001E-6 SEC;
SIR 10 TDI (290);
SDR 166 TDI (3ffffc10fffff7e97ffde0ffb800f7ddff2bc88e3f)
	TDO (3ffffc10fffff7e97ffde0ffb800f7ddff2bc88e3f)
	MASK (3fffffffffffffffffffffffffffffffffffffffff);
SIR 10 TDI (2a1);
SDR 11 TDI (0ad);
SIR 10 TDI (28c);
STATE IDLE;
RUNTEST 20001E-6 SEC;
SIR 10 TDI (290);
SDR 166 TDI (3ffffc10fffff7e97fffe0ffb800f7ddff1bc88e3f)
	TDO (3ffffc10fffff7e97fffe0ffb800f7ddff1bc88e3f)
	MASK (3fffffffffffffffffffffffffffffffffffffffff);
SIR 10 TDI (2a1);
SDR 11 TDI (0ae);
SIR 10 TDI (28c);
STATE IDLE;
RUNTEST 20001E-6 SEC;
SIR 10 TDI (290);
SDR 166 TDI (3ffefc10fffff7e97fffe0ffb800f7d9df3bc08c3f)
	TDO (3ffefc10fffff7e97fffe0ffb800f7d9df3bc08c3f)
	MASK (3fffffffffffffffffffffffffffffffffffffffff);
SIR 10 TDI (2a1);
SDR 11 TDI (0af);
SIR 10 TDI (28c);
STATE IDLE;
RUNTEST 20001E-6 SEC;
SIR 10 TDI (290);
SDR 166 TDI (3bfffc10fffff7e97fffe0ffb800f7d5ff3bc88e3f)
	TDO (3bfffc10fffff7e97fffe0ffb800f7d5ff3bc88e3f)
	MASK (3fffffffffffffffffffffffffffffffffffffffff);
SIR 10 TDI (2a1);
SDR 11 TDI (0b0);
SIR 10 TDI (28c);
STATE IDLE;
RUNTEST 20001E-6 SEC;
SIR 10 TDI (290);
SDR 166 TDI (3ffffc10fa9377e97fffc0ffb800f7ddff3bc80e3f)
	TDO (3ffffc10fa9377e97fffc0ffb800f7ddff3bc80e3f)
	MASK (3fffffffffffffffffffffffffffffffffffffffff);
SIR 10 TDI (2a1);
SDR 11 TDI (0b1);
SIR 10 TDI (28c);
STATE IDLE;
RUNTEST 20001E-6 SEC;
SIR 10 TDI (290);
SDR 166 TDI (3fffc410ffefb7697fffe0ffb800f7ddff3bc88e3f)
	TDO (3fffc410ffefb7697fffe0ffb800f7ddff3bc88e3f)
	MASK (3fffffffffffffffffffffffffffffffffffffffff);
SIR 10 TDI (2a1);
SDR 11 TDI (0b2);
SIR 10 TDI (28c);
STATE IDLE;
RUNTEST 20001E-6 SEC;
SIR 10 TDI (290);
SDR 166 TDI (3fffec10effff7697ffee0ffb800f7ddff3bc88e3f)
	TDO (3fffec10effff7697ffee0ffb800f7ddff3bc88e3f)
	MASK (3fffffffffffffffffffffffffffffffffffffffff);
SIR 10 TDI (2a1);
SDR 11 TDI (0b3);
SIR 10 TDI (28c);
STATE IDLE;
RUNTEST 20001E-6 SEC;
SIR 10 TDI (290);
SDR 166 TDI (3fffd410dfcff7e97fffe0ffb800f7ddff3bc88e3f)
	TDO (3fffd410dfcff7e97fffe0ffb800f7ddff3bc88e3f)
	MASK (3fffffffffffffffffffffffffffffffffffffffff);
SIR 10 TDI (2a1);
SDR 11 TDI (0b4);
SIR 10 TDI (28c);
STATE IDLE;
RUNTEST 20001E-6 SEC;
SIR 10 TDI (290);
SDR 166 TDI (3ffffc10fffff7e97fffe0ffb800f7ddff3bc88e3f)
	TDO (3ffffc10fffff7e97fffe0ffb800f7ddff3bc88e3f)
	MASK (3fffffffffffffffffffffffffffffffffffffffff);
SIR 10 TDI (2a1);
SDR 11 TDI (0b5);
SIR 10 TDI (28c);
STATE IDLE;
RUNTEST 20001E-6 SEC;
SIR 10 TDI (290);
SDR 166 TDI (3ffffc10fffff7e97fffe0ffb800f7ddff3bc88e3f)
	TDO (3ffffc10fffff7e97fffe0ffb800f7ddff3bc88e3f)
	MASK (3fffffffffffffffffffffffffffffffffffffffff);
SIR 10 TDI (2a1);
SDR 11 TDI (0b6);
SIR 10 TDI (28c);
STATE IDLE;
RUNTEST 20001E-6 SEC;
SIR 10 TDI (290);
SDR 166 TDI (3ffffc10fffff7e97fffe0ffb800f7ddff3bc88e3f)
	TDO (3ffffc10fffff7e97fffe0ffb800f7ddff3bc88e3f)
	MASK (3fffffffffffffffffffffffffffffffffffffffff);
SIR 10 TDI (2a1);
SDR 11 TDI (0b7);
SIR 10 TDI (28c);
STATE IDLE;
RUNTEST 20001E-6 SEC;
SIR 10 TDI (290);
SDR 166 TDI (3ffffc10fffff7e97fffe0ffb800f7ddff3bc88e3f)
	TDO (3ffffc10fffff7e97fffe0ffb800f7ddff3bc88e3f)
	MASK (3fffffffffffffffffffffffffffffffffffffffff);
SIR 10 TDI (2a1);
SDR 11 TDI (0b8);
SIR 10 TDI (28c);
STATE IDLE;
RUNTEST 20001E-6 SEC;
SIR 10 TDI (290);
SDR 166 TDI (3ffffc10fffff7c97fffe0ffb800f7ddff3b488e3f)
	TDO (3ffffc10fffff7c97fffe0ffb800f7ddff3b488e3f)
	MASK (3fffffffffffffffffffffffffffffffffffffffff);
SIR 10 TDI (2a1);
SDR 11 TDI (0b9);
SIR 10 TDI (28c);
STATE IDLE;
RUNTEST 20001E-6 SEC;
SIR 10 TDI (290);
SDR 166 TDI (3ffffc10fffff7e97fffe0ffb800f7ddff3bc88e3f)
	TDO (3ffffc10fffff7e97fffe0ffb800f7ddff3bc88e3f)
	MASK (3fffffffffffffffffffffffffffffffffffffffff);
SIR 10 TDI (2a1);
SDR 11 TDI (0ba);
SIR 10 TDI (28c);
STATE IDLE;
RUNTEST 20001E-6 SEC;
SIR 10 TDI (290);
SDR 166 TDI (3ffffc10fffff7e97fffe0ffb800f7ddff3bc88e3f)
	TDO (3ffffc10fffff7e97fffe0ffb800f7ddff3bc88e3f)
	MASK (3fffffffffffffffffffffffffffffffffffffffff);
SIR 10 TDI (2a1);
SDR 11 TDI (0bb);
SIR 10 TDI (28c);
STATE IDLE;
RUNTEST 20001E-6 SEC;
SIR 10 TDI (290);
SDR 166 TDI (3ffffc10fffff7e97fffe0ffb800f7ddff3bc88e3f)
	TDO (3ffffc10fffff7e97fffe0ffb800f7ddff3bc88e3f)
	MASK (3fffffffffffffffffffffffffffffffffffffffff);
SIR 10 TDI (2a1);
SDR 11 TDI (0bc);
SIR 10 TDI (28c);
STATE IDLE;
RUNTEST 20001E-6 SEC;
SIR 10 TDI (290);
SDR 166 TDI (3ffffc10fffff7e97fffe0ffb800f7ddff3bc88e3f)
	TDO (3ffffc10fffff7e97fffe0ffb800f7ddff3bc88e3f)
	MASK (3fffffffffffffffffffffffffffffffffffffffff);
SIR 10 TDI (2a1);
SDR 11 TDI (0bd);
SIR 10 TDI (28c);
STATE IDLE;
RUNTEST 20001E-6 SEC;
SIR 10 TDI (290);
SDR 166 TDI (3fdffc10bf7fd3e07dff60ffb800f7ddff3bc88e3f)
	TDO (3fdffc10bf7fd3e07dff60ffb800f7ddff3bc88e3f)
	MASK (3fffffffffffffffffffffffffffffffffffffffff);
SIR 10 TDI (2a1);
SDR 11 TDI (0be);
SIR 10 TDI (28c);
STATE IDLE;
RUNTEST 20001E-6 SEC;
SIR 10 TDI (290);
SDR 166 TDI (3ffffc10ffddf7295af7a0ff9800e5ddff39888e3f)
	TDO (3ffffc10ffddf7295af7a0ff9800e5ddff39888e3f)
	MASK (3fffffffffffffffffffffffffffffffffffffffff);
SIR 10 TDI (2a1);
SDR 11 TDI (0bf);
SIR 10 TDI (28c);
STATE IDLE;
RUNTEST 20001E-6 SEC;
SIR 10 TDI (290);
SDR 166 TDI (3fffc010ffeef7e97fefe0f7b800d7ddff3bc88e3f)
	TDO (3fffc010ffeef7e97fefe0f7b800d7ddff3bc88e3f)
	MASK (3fffffffffffffffffffffffffffffffffffffffff);
SIR 10 TDI (2a1);
SDR 11 TDI (0c0);
SIR 10 TDI (28c);
STATE IDLE;
RUNTEST 20001E-6 SEC;
SIR 10 TDI (290);
SDR 166 TDI (3ffffc10fffff7e97fffe0ffb800f7ddff3bc88e3f)
	TDO (3ffffc10fffff7e97fffe0ffb800f7ddff3bc88e3f)
	MASK (3fffffffffffffffffffffffffffffffffffffffff);
SIR 10 TDI (2a1);
SDR 11 TDI (0c1);
SIR 10 TDI (28c);
STATE IDLE;
RUNTEST 20001E-6 SEC;
SIR 10 TDI (290);
SDR 166 TDI (3ffffc10fffff7e97fffe0ffb800f7ddff3bc88e3f)
	TDO (3ffffc10fffff7e97fffe0ffb800f7ddff3bc88e3f)
	MASK (3fffffffffffffffffffffffffffffffffffffffff);
SIR 10 TDI (2a1);
SDR 11 TDI (0c2);
SIR 10 TDI (28c);
STATE IDLE;
RUNTEST 20001E-6 SEC;
SIR 10 TDI (290);
SDR 166 TDI (3ffffc10fffff7e93fffe0ffb80057ddff3b888e3f)
	TDO (3ffffc10fffff7e93fffe0ffb80057ddff3b888e3f)
	MASK (3fffffffffffffffffffffffffffffffffffffffff);
SIR 10 TDI (2a1);
SDR 11 TDI (0c3);
SIR 10 TDI (28c);
STATE IDLE;
RUNTEST 20001E-6 SEC;
SIR 10 TDI (290);
SDR 166 TDI (3ffffc10fffff7e97fffe0ffb800e7ddff3bc88e3f)
	TDO (3ffffc10fffff7e97fffe0ffb800e7ddff3bc88e3f)
	MASK (3fffffffffffffffffffffffffffffffffffffffff);
SIR 10 TDI (2a1);
SDR 11 TDI (0c4);
SIR 10 TDI (28c);
STATE IDLE;
RUNTEST 20001E-6 SEC;
SIR 10 TDI (290);
SDR 166 TDI (3ffffc10fffff7e93fffe0ffb800f7c5ff3bc88e3f)
	TDO (3ffffc10fffff7e93fffe0ffb800f7c5ff3bc88e3f)
	MASK (3fffffffffffffffffffffffffffffffffffffffff);
SIR 10 TDI (2a1);
SDR 11 TDI (0c5);
SIR 10 TDI (28c);
STATE IDLE;
RUNTEST 20001E-6 SEC;
SIR 10 TDI (290);
SDR 166 TDI (3ffffc10fffff7e97fffe0ffb800f7ddff3bc88e3f)
	TDO (3ffffc10fffff7e97fffe0ffb800f7ddff3bc88e3f)
	MASK (3fffffffffffffffffffffffffffffffffffffffff);
SIR 10 TDI (2a1);
SDR 11 TDI (0c6);
SIR 10 TDI (28c);
STATE IDLE;
RUNTEST 20001E-6 SEC;
SIR 10 TDI (290);
SDR 166 TDI (3ffffc10fffff7c97fffe0ffb800f7ddff3bc88e3f)
	TDO (3ffffc10fffff7c97fffe0ffb800f7ddff3bc88e3f)
	MASK (3fffffffffffffffffffffffffffffffffffffffff);
SIR 10 TDI (2a1);
SDR 11 TDI (0c7);
SIR 10 TDI (28c);
STATE IDLE;
RUNTEST 20001E-6 SEC;
SIR 10 TDI (290);
SDR 166 TDI (3ffffc10fffff7e97fffe0ffb800f7ddff3bc88e3f)
	TDO (3ffffc10fffff7e97fffe0ffb800f7ddff3bc88e3f)
	MASK (3fffffffffffffffffffffffffffffffffffffffff);
SIR 10 TDI (2a1);
SDR 11 TDI (0c8);
SIR 10 TDI (28c);
STATE IDLE;
RUNTEST 20001E-6 SEC;
SIR 10 TDI (290);
SDR 166 TDI (3ffffc10fff5a7e97fffe0ffb800f7ddff3bc88e3f)
	TDO (3ffffc10fff5a7e97fffe0ffb800f7ddff3bc88e3f)
	MASK (3fffffffffffffffffffffffffffffffffffffffff);
SIR 10 TDI (2a1);
SDR 11 TDI (0c9);
SIR 10 TDI (28c);
STATE IDLE;
RUNTEST 20001E-6 SEC;
SIR 10 TDI (290);
SDR 166 TDI (3ffffc10ffff77e97fffe0ffb800f7ddff3bc88e3f)
	TDO (3ffffc10ffff77e97fffe0ffb800f7ddff3bc88e3f)
	MASK (3fffffffffffffffffffffffffffffffffffffffff);
SIR 10 TDI (2a1);
SDR 11 TDI (0ca);
SIR 10 TDI (28c);
STATE IDLE;
RUNTEST 20001E-6 SEC;
SIR 10 TDI (290);
SDR 166 TDI (222ffc104fef27e97f7be02fb00047ddb43bc88e3f)
	TDO (222ffc104fef27e97f7be02fb00047ddb43bc88e3f)
	MASK (3fffffffffffffffffffffffffffffffffffffffff);
SIR 10 TDI (2a1);
SDR 11 TDI (0cb);
SIR 10 TDI (28c);
STATE IDLE;
RUNTEST 20001E-6 SEC;
SIR 10 TDI (290);
SDR 166 TDI (1ffbfc10f7f9f6a95af7a0ff9800f5dd6f3bc8863f)
	TDO (1ffbfc10f7f9f6a95af7a0ff9800f5dd6f3bc8863f)
	MASK (3fffffffffffffffffffffffffffffffffffffffff);
SIR 10 TDI (2a1);
SDR 11 TDI (0cc);
SIR 10 TDI (28c);
STATE IDLE;
RUNTEST 20001E-6 SEC;
SIR 10 TDI (290);
SDR 166 TDI (3ffffc10fffff7e97fffe0ffb800f7ddff3bc88e3f)
	TDO (3ffffc10fffff7e97fffe0ffb800f7ddff3bc88e3f)
	MASK (3fffffffffffffffffffffffffffffffffffffffff);
SIR 10 TDI (2a1);
SDR 11 TDI (0cd);
SIR 10 TDI (28c);
STATE IDLE;
RUNTEST 20001E-6 SEC;
SIR 10 TDI (290);
SDR 166 TDI (3ffffc10fffff7e97fffe0ffb800f7ddff3bc88e3f)
	TDO (3ffffc10fffff7e97fffe0ffb800f7ddff3bc88e3f)
	MASK (3fffffffffffffffffffffffffffffffffffffffff);
SIR 10 TDI (2a1);
SDR 11 TDI (0ce);
SIR 10 TDI (28c);
STATE IDLE;
RUNTEST 20001E-6 SEC;
SIR 10 TDI (290);
SDR 166 TDI (3fffec10ffdff7697fffe0ffb800f7ddff3bc88e3f)
	TDO (3fffec10ffdff7697fffe0ffb800f7ddff3bc88e3f)
	MASK (3fffffffffffffffffffffffffffffffffffffffff);
SIR 10 TDI (2a1);
SDR 11 TDI (0cf);
SIR 10 TDI (28c);
STATE IDLE;
RUNTEST 20001E-6 SEC;
SIR 10 TDI (290);
SDR 166 TDI (3fffd410ffeff7e97fffe0ffb800f7ddff3bc88e3f)
	TDO (3fffd410ffeff7e97fffe0ffb800f7ddff3bc88e3f)
	MASK (3fffffffffffffffffffffffffffffffffffffffff);
SIR 10 TDI (2a1);
SDR 11 TDI (0d0);
SIR 10 TDI (28c);
STATE IDLE;
RUNTEST 20001E-6 SEC;
SIR 10 TDI (290);
SDR 166 TDI (1ffffc10fffff5e97fffe0ffb800f7ddff3bc88a3f)
	TDO (1ffffc10fffff5e97fffe0ffb800f7ddff3bc88a3f)
	MASK (3fffffffffffffffffffffffffffffffffffffffff);
SIR 10 TDI (2a1);
SDR 11 TDI (0d1);
SIR 10 TDI (28c);
STATE IDLE;
RUNTEST 20001E-6 SEC;
SIR 10 TDI (290);
SDR 166 TDI (3ffffc10fffff7e97fffe0dbb800b75dfb32c88e3f)
	TDO (3ffffc10fffff7e97fffe0dbb800b75dfb32c88e3f)
	MASK (3fffffffffffffffffffffffffffffffffffffffff);
SIR 10 TDI (2a1);
SDR 11 TDI (0d2);
SIR 10 TDI (28c);
STATE IDLE;
RUNTEST 20001E-6 SEC;
SIR 10 TDI (290);
SDR 166 TDI (3fff7c10fffff7e97fffe0ffb800f7ddff3bc88e3f)
	TDO (3fff7c10fffff7e97fffe0ffb800f7ddff3bc88e3f)
	MASK (3fffffffffffffffffffffffffffffffffffffffff);
SIR 10 TDI (2a1);
SDR 11 TDI (0d3);
SIR 10 TDI (28c);
STATE IDLE;
RUNTEST 20001E-6 SEC;
SIR 10 TDI (290);
SDR 166 TDI (3ffffc10fffff7e97fffe0ffb800f7ddff3bc88e3f)
	TDO (3ffffc10fffff7e97fffe0ffb800f7ddff3bc88e3f)
	MASK (3fffffffffffffffffffffffffffffffffffffffff);
SIR 10 TDI (2a1);
SDR 11 TDI (0d4);
SIR 10 TDI (28c);
STATE IDLE;
RUNTEST 20001E-6 SEC;
SIR 10 TDI (290);
SDR 166 TDI (3ffff410fffdf7295af7a0ff9800f7ddfe1bc8863f)
	TDO (3ffff410fffdf7295af7a0ff9800f7ddfe1bc8863f)
	MASK (3fffffffffffffffffffffffffffffffffffffffff);
SIR 10 TDI (2a1);
SDR 11 TDI (0d5);
SIR 10 TDI (28c);
STATE IDLE;
RUNTEST 20001E-6 SEC;
SIR 10 TDI (290);
SDR 166 TDI (3dff8c10ffcff7e97fdfe0fdb800f6ddfd3bc88e3f)
	TDO (3dff8c10ffcff7e97fdfe0fdb800f6ddfd3bc88e3f)
	MASK (3fffffffffffffffffffffffffffffffffffffffff);
SIR 10 TDI (2a1);
SDR 11 TDI (0d6);
SIR 10 TDI (28c);
STATE IDLE;
RUNTEST 20001E-6 SEC;
SIR 10 TDI (290);
SDR 166 TDI (3faffc10fffff7e97bffe0ffb800f7ddff3bc08e3f)
	TDO (3faffc10fffff7e97bffe0ffb800f7ddff3bc08e3f)
	MASK (3fffffffffffffffffffffffffffffffffffffffff);
SIR 10 TDI (2a1);
SDR 11 TDI (0d7);
SIR 10 TDI (28c);
STATE IDLE;
RUNTEST 20001E-6 SEC;
SIR 10 TDI (290);
SDR 166 TDI (3f7ffc10fffff7e97fffe0ffb800f7ddff3bc88e3f)
	TDO (3f7ffc10fffff7e97fffe0ffb800f7ddff3bc88e3f)
	MASK (3fffffffffffffffffffffffffffffffffffffffff);
SIR 10 TDI (2a1);
SDR 11 TDI (0d8);
SIR 10 TDI (28c);
STATE IDLE;
RUNTEST 20001E-6 SEC;
SIR 10 TDI (290);
SDR 166 TDI (3ffff410fffff7697fffe0ffb800f7ddff3bc88e3f)
	TDO (3ffff410fffff7697fffe0ffb800f7ddff3bc88e3f)
	MASK (3fffffffffffffffffffffffffffffffffffffffff);
SIR 10 TDI (2a1);
SDR 11 TDI (0d9);
SIR 10 TDI (28c);
STATE IDLE;
RUNTEST 20001E-6 SEC;
SIR 10 TDI (290);
SDR 166 TDI (3fffcc10ffcff7e97fffe0ffb800f7ddff3bc88e3f)
	TDO (3fffcc10ffcff7e97fffe0ffb800f7ddff3bc88e3f)
	MASK (3fffffffffffffffffffffffffffffffffffffffff);
SIR 10 TDI (2a1);
SDR 11 TDI (0da);
SIR 10 TDI (28c);
STATE IDLE;
RUNTEST 20001E-6 SEC;
SIR 10 TDI (290);
SDR 166 TDI (3ffffc10fffff7e97fffe0ffb800f7ddff3bc88e3f)
	TDO (3ffffc10fffff7e97fffe0ffb800f7ddff3bc88e3f)
	MASK (3fffffffffffffffffffffffffffffffffffffffff);
SIR 10 TDI (2a1);
SDR 11 TDI (0db);
SIR 10 TDI (28c);
STATE IDLE;
RUNTEST 20001E-6 SEC;
SIR 10 TDI (290);
SDR 166 TDI (3ffffc10fffff7e97fffe0ffb800f3ddff3bc88e3f)
	TDO (3ffffc10fffff7e97fffe0ffb800f3ddff3bc88e3f)
	MASK (3fffffffffffffffffffffffffffffffffffffffff);
SIR 10 TDI (2a1);
SDR 11 TDI (0dc);
SIR 10 TDI (28c);
STATE IDLE;
RUNTEST 20001E-6 SEC;
SIR 10 TDI (290);
SDR 166 TDI (3ffffc10fffff7e97fffe0ffb800f7ddff3bc88e3f)
	TDO (3ffffc10fffff7e97fffe0ffb800f7ddff3bc88e3f)
	MASK (3fffffffffffffffffffffffffffffffffffffffff);
SIR 10 TDI (2a1);
SDR 11 TDI (0dd);
SIR 10 TDI (28c);
STATE IDLE;
RUNTEST 20001E-6 SEC;
SIR 10 TDI (290);
SDR 166 TDI (3ffffc10fffff7e97fffe0ffb800f7ddff3bc88e3f)
	TDO (3ffffc10fffff7e97fffe0ffb800f7ddff3bc88e3f)
	MASK (3fffffffffffffffffffffffffffffffffffffffff);
SIR 10 TDI (2a1);
SDR 11 TDI (0de);
SIR 10 TDI (28c);
STATE IDLE;
RUNTEST 20001E-6 SEC;
SIR 10 TDI (290);
SDR 166 TDI (3ffffc10fffff7e97fffe0ffb800f7ddff3bc88e3f)
	TDO (3ffffc10fffff7e97fffe0ffb800f7ddff3bc88e3f)
	MASK (3fffffffffffffffffffffffffffffffffffffffff);
SIR 10 TDI (2a1);
SDR 11 TDI (0df);
SIR 10 TDI (28c);
STATE IDLE;
RUNTEST 20001E-6 SEC;
SIR 10 TDI (290);
SDR 166 TDI (3ffffc10fffff7e97fffe0ffb800f7ddff3bc88e3f)
	TDO (3ffffc10fffff7e97fffe0ffb800f7ddff3bc88e3f)
	MASK (3fffffffffffffffffffffffffffffffffffffffff);
STATE IDLE;
SIR 10 TDI (2a1);
SDR 11 TDI (000);
SIR 10 TDI (28c);
STATE IDLE;
RUNTEST 20001E-6 SEC;
SIR 10 TDI (290);
SDR 166 TDI (3ffffd93fdfbc0000100bfffd09991b8c00100013f)
	TDO (3ffffd93fdfbc0000100bfffd09991b8c00100013f)
	MASK (3fffffffffffffffffffffffffffffffffffffffff);
SIR 10 TDI (2a1);
SDR 11 TDI (001);
SIR 10 TDI (28c);
STATE IDLE;
RUNTEST 20001E-6 SEC;
SIR 10 TDI (290);
SDR 166 TDI (3fffe6626666646264023fffe2732324605011003f)
	TDO (3fffe6626666646264023fffe2732324605011003f)
	MASK (3fffffffffffffffffffffffffffffffffffffffff);
SIR 10 TDI (2a1);
SDR 11 TDI (002);
SIR 10 TDI (28c);
STATE IDLE;
RUNTEST 20001E-6 SEC;
SIR 10 TDI (290);
SDR 166 TDI (3fffd10800003ef7fe677fffc980080136e666667f)
	TDO (3fffd10800003ef7fe677fffc980080136e666667f)
	MASK (3fffffffffffffffffffffffffffffffffffffffff);
SIR 10 TDI (2a1);
SDR 11 TDI (003);
SIR 10 TDI (28c);
STATE IDLE;
RUNTEST 20001E-6 SEC;
SIR 10 TDI (290);
SDR 166 TDI (3fffff0ffcf3ddfbdf9bbfffcff30f33ddff9f9bbf)
	TDO (3fffff0ffcf3ddfbdf9bbfffcff30f33ddff9f9bbf)
	MASK (3fffffffffffffffffffffffffffffffffffffffff);
SIR 10 TDI (2a1);
SDR 11 TDI (004);
SIR 10 TDI (28c);
STATE IDLE;
RUNTEST 20001E-6 SEC;
SIR 10 TDI (290);
SDR 166 TDI (3fffffffffffd9999b9dffffffffffffdd9b99bfbf)
	TDO (3fffffffffffd9999b9dffffffffffffdd9b99bfbf)
	MASK (3fffffffffffffffffffffffffffffffffffffffff);
SIR 10 TDI (2a1);
SDR 11 TDI (005);
SIR 10 TDI (28c);
STATE IDLE;
RUNTEST 20001E-6 SEC;
SIR 10 TDI (290);
SDR 166 TDI (3ffff0fc030c276e67f6ffffffcf3fcf2f7fef7fff)
	TDO (3ffff0fc030c276e67f6ffffffcf3fcf2f7fef7fff)
	MASK (3fffffffffffffffffffffffffffffffffffffffff);
SIR 10 TDI (2a1);
SDR 11 TDI (006);
SIR 10 TDI (28c);
STATE IDLE;
RUNTEST 20001E-6 SEC;
SIR 10 TDI (290);
SDR 166 TDI (3fffd1f91bc1108000903ffff7981bc9600080023f)
	TDO (3fffd1f91bc1108000903ffff7981bc9600080023f)
	MASK (3fffffffffffffffffffffffffffffffffffffffff);
SIR 10 TDI (2a1);
SDR 11 TDI (007);
SIR 10 TDI (28c);
STATE IDLE;
RUNTEST 20001E-6 SEC;
SIR 10 TDI (290);
SDR 166 TDI (3fffec668642482508003fffe6644672482501003f)
	TDO (3fffec668642482508003fffe6644672482501003f)
	MASK (3fffffffffffffffffffffffffffffffffffffffff);
SIR 10 TDI (2a1);
SDR 11 TDI (008);
SIR 10 TDI (28c);
STATE IDLE;
RUNTEST 20001E-6 SEC;
SIR 10 TDI (290);
SDR 166 TDI (3fffc0000018a67666667fffd1018000267e66667f)
	TDO (3fffc0000018a67666667fffd1018000267e66667f)
	MASK (3fffffffffffffffffffffffffffffffffffffffff);
SIR 10 TDI (2a1);
SDR 11 TDI (009);
SIR 10 TDI (28c);
STATE IDLE;
RUNTEST 20001E-6 SEC;
SIR 10 TDI (290);
SDR 166 TDI (3fffcc00c3fcfdff9f9bbfffff03c3f00dff9f9abf)
	TDO (3fffcc00c3fcfdff9f9bbfffff03c3f00dff9f9abf)
	MASK (3fffffffffffffffffffffffffffffffffffffffff);
SIR 10 TDI (2a1);
SDR 11 TDI (00a);
SIR 10 TDI (28c);
STATE IDLE;
RUNTEST 20001E-6 SEC;
SIR 10 TDI (290);
SDR 166 TDI (3ffffffffffffbd99999bfffffffffffd999bd9dff)
	TDO (3ffffffffffffbd99999bfffffffffffd999bd9dff)
	MASK (3fffffffffffffffffffffffffffffffffffffffff);
SIR 10 TDI (2a1);
SDR 11 TDI (00b);
SIR 10 TDI (28c);
STATE IDLE;
RUNTEST 20001E-6 SEC;
SIR 10 TDI (290);
SDR 166 TDI (3fffdd9fdf3f3fefffffffffffbfdc3b2fe7ffffff)
	TDO (3fffdd9fdf3f3fefffffffffffbfdc3b2fe7ffffff)
	MASK (3fffffffffffffffffffffffffffffffffffffffff);
STATE IDLE;
SIR 10 TDI (2a1);
SDR 11 TDI (0e0);
SIR 10 TDI (28c);
STATE IDLE;
RUNTEST 20001E-6 SEC;
SIR 10 TDI (290);
SDR 166 TDI (2bfffd7fd7fffffffffffbfffd7fdfffffffffffdf)
	TDO (2bfffd7fd7fffffffffffbfffd7fdfffffffffffdf)
	MASK (3fffffffffffffffffffffffffffffffffffffffff);
SIR 10 TDI (2a1);
SDR 11 TDI (0e1);
SIR 10 TDI (28c);
STATE IDLE;
RUNTEST 20001E-6 SEC;
SIR 10 TDI (290);
SDR 166 TDI (3ff87fcffff7efdffefffffc7ffbfffffffffeffff)
	TDO (3ff87fcffff7efdffefffffc7ffbfffffffffeffff)
	MASK (3fffffffffffffffffffffffffffffffffffffffff);
SIR 10 TDI (2a1);
SDR 11 TDI (0e2);
SIR 10 TDI (28c);
STATE IDLE;
RUNTEST 20001E-6 SEC;
SIR 10 TDI (290);
SDR 166 TDI (3fffebbfeffefffcbfbffffffbfffbfeffffbfbff7)
	TDO (3fffebbfeffefffcbfbffffffbfffbfeffffbfbff7)
	MASK (3fffffffffffffffffffffffffffffffffffffffff);
SIR 10 TDI (2a1);
SDR 11 TDI (0e3);
SIR 10 TDI (28c);
STATE IDLE;
RUNTEST 20001E-6 SEC;
SIR 10 TDI (290);
SDR 166 TDI (157fffffffffff7fffffd46fefffffffebdfffefff)
	TDO (157fffffffffff7fffffd46fefffffffebdfffefff)
	MASK (3fffffffffffffffffffffffffffffffffffffffff);
SIR 10 TDI (2a1);
SDR 11 TDI (0e4);
SIR 10 TDI (28c);
STATE IDLE;
RUNTEST 20001E-6 SEC;
SIR 10 TDI (290);
SDR 166 TDI (3ffffffefffffffffd7ffffffffebffffffffd7fff)
	TDO (3ffffffefffffffffd7ffffffffebffffffffd7fff)
	MASK (3fffffffffffffffffffffffffffffffffffffffff);
SIR 10 TDI (2a1);
SDR 11 TDI (0e5);
SIR 10 TDI (28c);
STATE IDLE;
RUNTEST 20001E-6 SEC;
SIR 10 TDI (290);
SDR 166 TDI (3efffffdfffd7aefffffffffb7d57ff3ffebd7ffff)
	TDO (3efffffdfffd7aefffffffffb7d57ff3ffebd7ffff)
	MASK (3fffffffffffffffffffffffffffffffffffffffff);
SIR 10 TDI (2a1);
SDR 11 TDI (0e6);
SIR 10 TDI (28c);
STATE IDLE;
RUNTEST 20001E-6 SEC;
SIR 10 TDI (290);
SDR 166 TDI (3fefbeff7fffffffffd7effbfebfffffffffffdfef)
	TDO (3fefbeff7fffffffffd7effbfebfffffffffffdfef)
	MASK (3fffffffffffffffffffffffffffffffffffffffff);
SIR 10 TDI (2a1);
SDR 11 TDI (0e7);
SIR 10 TDI (28c);
STATE IDLE;
RUNTEST 20001E-6 SEC;
SIR 10 TDI (290);
SDR 166 TDI (3fd7fffbfc3fffffd7fc3fdffffffc3ffffffffc3f)
	TDO (3fd7fffbfc3fffffd7fc3fdffffffc3ffffffffc3f)
	MASK (3fffffffffffffffffffffffffffffffffffffffff);
SIR 10 TDI (2a1);
SDR 11 TDI (0e8);
SIR 10 TDI (28c);
STATE IDLE;
RUNTEST 20001E-6 SEC;
SIR 10 TDI (290);
SDR 166 TDI (3ffff7ffffffffb7ebfffffffffff7fffd7ffffff8)
	TDO (3ffff7ffffffffb7ebfffffffffff7fffd7ffffff8)
	MASK (3fffffffffffffffffffffffffffffffffffffffff);
STATE IDLE;
SIR 10 TDI (2a1);
SDR 11 TDI (200);
SIR 10 TDI (28c);
STATE IDLE;
RUNTEST 20001E-6 SEC;
SIR 10 TDI (292);
SDR 4 TDI (f)
	TDO (f)
	MASK (f);
STATE IDLE;
SIR 10 TDI (2a1);
SDR 11 TDI (300);
SIR 10 TDI (28c);
STATE IDLE;
RUNTEST 20001E-6 SEC;
SIR 10 TDI (293);
SDR 16 TDI (3000)
	TDO (3000)
	MASK (ffff);
STATE IDLE;
SIR 10 TDI (2a1);
SDR 11 TDI (100);
SIR 10 TDI (28c);
STATE IDLE;
RUNTEST 20001E-6 SEC;
SIR 10 TDI (291);
SDR 32 TDI (321d323f)
	TDO (321d323f)
	MASK (ffffffff);
STATE IDLE;
SIR 10 TDI (280);
SDR 10 TDI (000);
STATE IDLE;
RUNTEST 10001E-6 SEC;
STATE RESET;
RUNTEST 50021E-6 SEC;
